Borehole_Name,Easting,Northing,Ash_ad_pct,RD_is,Seam
1122CR,631878.12000,7566001.97000,11.90975,1.36607,L
1124CR,633301.32000,7565773.35000,13.63787,1.39950,L
1159C4,632548.84000,7563006.89000,11.70866,1.37988,L
1160C4,632731.55000,7563184.53000,11.46411,1.39359,L
1164C4,633156.57000,7563486.68000,12.36246,1.36135,L
1166C4,632672.09000,7562775.95000,11.71199,1.36765,L
1186CR,633185.95000,7565085.73000,13.09653,1.39515,L
1213CR,633381.94000,7564020.29000,11.18240,1.37915,L
MDC006,629507.89000,7565644.76000,13.77735,1.39422,L
MDC025,632463.27000,7563081.21000,10.51905,1.33820,L
MDC032,631744.25000,7564156.00000,10.88798,1.37519,L
MDC043,629830.96000,7565800.85000,12.43300,1.37479,L
MV001C-A,631297.90600,7564683.15900,12.77285,1.36064,L
MV002C-A,631744.54000,7564306.31100,12.77151,1.39839,L
MV003C-A,631850.66600,7563918.46500,11.90232,1.39585,L
MV004C-A,632074.77300,7563589.18800,10.55798,1.36674,L
MV005C-A,630082.40800,7565289.42600,11.46710,1.38969,L
MV006C1,632380.43400,7563232.25900,13.68043,1.40780,L
MV007C1,632843.28500,7563628.51100,9.79869,1.36406,L
MV008C2,632535.47900,7563921.72300,8.50000,1.34679,L
MV009C1,632278.56900,7564252.36800,8.50000,1.35313,L
MV010C1,632074.18900,7564642.39800,12.25520,1.39857,L
MV011C1,631606.48800,7564958.68100,10.15666,1.37716,L
MV012C1,630987.23800,7565161.57400,13.98989,1.35906,L
MV013C2,631180.86400,7565413.28500,14.76163,1.39871,L
MV014C1,630482.01100,7565324.94400,12.82065,1.39968,L
MV015C1,629107.02500,7566919.19000,12.05823,1.35464,L
MV016C1,628807.40900,7566564.61200,8.54181,1.34990,L
MV017C1,629270.90200,7566323.92300,13.98309,1.38377,L
MV018C1,630677.20300,7565818.31300,12.53727,1.41373,L
MV019C1,630149.22400,7565719.11800,13.40282,1.39890,L
MV020C1,630301.64500,7566338.53400,10.73419,1.36091,L
V1119C,630891.44000,7566526.08000,15.97206,1.43460,L
V1120C,632544.70000,7565157.48000,13.86938,1.42081,L
V1127C,633097.37000,7564411.39000,11.57281,1.38867,L
V1129C,633807.64000,7564980.95000,12.49483,1.37858,L
V1182C,632596.08000,7565900.49000,13.44207,1.36873,L
V1187C,632871.84000,7565529.64000,12.96841,1.39987,L
V1188C,633502.98000,7564672.23000,11.54802,1.39007,L
V1189C,631225.32000,7566091.01000,12.88566,1.41437,L
V1196C,631640.40000,7566403.18000,15.69255,1.43491,L
V1197C,631523.26000,7565698.99000,14.64116,1.47008,L
V1198C,632313.64000,7566314.86000,14.39898,1.40682,L
V1199C,632987.82000,7566196.87000,16.47770,1.43012,L
V1201C,632233.30000,7565575.20000,11.29545,1.38582,L
V1220C,632805.27000,7564811.38000,15.71927,1.42374,L
MD_SYN_001,628879.36552,7566296.27449,10.44487,1.33457,L
MD_SYN_002,629445.46635,7565945.97942,10.83313,1.36908,L
MD_SYN_003,629694.17643,7565320.23813,12.87627,1.38876,L
MD_SYN_004,630233.47467,7564972.75025,13.29366,1.40263,L
MD_SYN_005,630391.04637,7564767.56104,13.26503,1.43950,L
MD_SYN_006,630660.55839,7564643.65047,11.57746,1.36934,L
MD_SYN_007,631070.55812,7564557.04050,13.37807,1.37399,L
MD_SYN_008,631445.85624,7564465.16025,14.27721,1.43092,L
MD_SYN_009,631570.24023,7564170.57985,10.12159,1.38668,L
MD_SYN_010,631961.65301,7563669.51507,10.65838,1.38576,L
MD_SYN_011,632213.58312,7563512.02383,11.80733,1.36291,L
MD_SYN_012,632510.45990,7563333.70396,10.38168,1.32040,L
MD_SYN_013,629129.97984,7566572.90557,11.78451,1.40117,L
MD_SYN_014,629532.68542,7566322.34619,10.76409,1.36122,L
MD_SYN_015,629723.08922,7566014.46248,11.80331,1.36597,L
MD_SYN_016,629891.70223,7565609.57577,13.88223,1.38794,L
MD_SYN_017,630203.73836,7565394.03097,11.63436,1.32499,L
MD_SYN_018,630427.24881,7565109.44539,12.03761,1.36363,L
MD_SYN_019,630791.44261,7564898.57342,13.57376,1.38700,L
MD_SYN_020,631078.05824,7564799.26024,11.16440,1.36048,L
MD_SYN_021,631558.98692,7564591.86790,10.87799,1.34184,L
MD_SYN_022,632031.25743,7563948.88068,9.13892,1.32210,L
MD_SYN_023,632255.86392,7563774.31391,12.30615,1.38407,L
MD_SYN_024,632730.16313,7563476.07625,10.66406,1.37689,L
MD_SYN_025,629625.81752,7566759.69474,12.20038,1.39405,L
MD_SYN_026,629961.75443,7566301.79382,8.50000,1.32905,L
MD_SYN_027,630679.71258,7565474.41911,12.32787,1.38415,L
MD_SYN_028,631996.14624,7564803.79252,13.40988,1.41140,L
MD_SYN_029,632825.85295,7563939.85938,8.96236,1.36488,L
MD_SYN_030,629959.57824,7567135.21878,12.56168,1.41923,L
MD_SYN_031,630949.72660,7565944.10044,13.07583,1.38884,L
MD_SYN_032,631712.43490,7565516.92453,13.83528,1.40422,L
MD_SYN_033,632340.83321,7565026.54116,13.25510,1.40598,L
MD_SYN_034,632804.03805,7564512.45186,11.61413,1.35471,L
MD_SYN_035,630651.63986,7567309.07600,11.78217,1.41312,L
MD_SYN_036,631290.73250,7566452.13788,11.58779,1.40729,L
MD_SYN_037,632149.39062,7565914.17948,10.52783,1.36256,L
MD_SYN_038,632006.81997,7564170.22856,10.21754,1.36355,L
MD_SYN_039,632208.02562,7564381.39533,11.62742,1.41442,L
MD_SYN_040,632055.98614,7564498.82158,13.11515,1.37956,L
MD_SYN_041,632431.41922,7564618.93887,14.11320,1.39583,L
MD_SYN_042,632311.15188,7564712.74329,19.83687,1.45921,L
MD_SYN_043,632646.14331,7564760.42998,13.50684,1.43233,L
MD_SYN_044,632565.34015,7564959.62041,15.49378,1.38801,L
