month,year,ljo,chr,ker,kum,mlf,nzd,ptb,sam,spo,date
January,1990,356.9,353.7066667,361,354.504,353.6866667,350.6133333,360.79,352.3125,350.84,1/01/1990
February,1990,357.14,355.2725,NA,356.6025,355.0875,NA,361.12,351.75,350.415,1/02/1990
March,1990,358.062,355.565,NA,356.6075,355.865,350.88,361.6066667,352.896,350.63,1/03/1990
April,1990,357.81,355.0933333,351.21,358.534,356.75,350.655,361.6075,353.1525,350.865,1/04/1990
May,1990,359.0633333,355.988,351.82,358.67,357.55,NA,362.1275,352.47,351.35,1/05/1990
June,1990,356.01,358.385,352.65,356.2875,356.54,351.445,356.3925,353.2025,351.55,1/06/1990
July,1990,351.9725,365.3133333,NA,359,354.8133333,352.42,347.58,354.965,351.99,1/07/1990
August,1990,348.6333333,408.3675,352.15,354.2625,352.482,354.74,345.9925,353.242,352.51,1/08/1990
September,1990,350.06,358.345,352.92,350.2425,351.1025,352.915,347.945,353.3025,352.72,1/09/1990
October,1990,355.64,353.3575,352.5175,352.026,351.23,351.34,353.3625,352.8475,352.56,1/10/1990
November,1990,354.9875,353.58,352.71,354.4975,352.7525,352.6033333,357.5525,353.375,352.84,1/11/1990
December,1990,356.1,NA,352.925,355.126,354.7033333,352.03,360.468,353.79,352.6233333,1/12/1990
January,1991,NA,355.6416667,353.61,356.0925,354.595,351.98,361.37,354.614,NA,1/01/1991
February,1991,358.7,356.6233333,NA,356.9525,355.9525,351.8,363.8325,355,352.35,1/02/1991
March,1991,359.506,355.754,NA,358.1275,357.42,351.275,362.46,354.72,352.275,1/03/1991
April,1991,359.7966667,356.2833333,353.315,359.198,358.425,350.785,361.935,353.98,352.395,1/04/1991
May,1991,360.4825,NA,NA,360.17,359.054,353.3533333,362.136,353.965,352.495,1/05/1991
June,1991,357.32,356.245,352.78,358.96,358.145,356.5,358.655,354.1575,352.9,1/06/1991
July,1991,354.1466667,355.5175,353.73,356.116,355.4925,353.525,352.7,354.34,353.655,1/07/1991
August,1991,350.415,354.8375,353.6466667,353.0475,354.088,NA,347.4,354.1675,353.59,1/08/1991
September,1991,351.12,355.4775,353.62,351.452,351.9975,353.52,348.1075,353.91,354.04,1/09/1991
October,1991,354.545,354.95,NA,353.2325,352.2175,352.84,357.255,353.885,353.88,1/10/1991
November,1991,357.8,354.5733333,NA,355.9025,353.854,353.31,359.402,354.725,359.945,1/11/1991
December,1991,357.47,363.99,354.92,355.886,355.824,357.09,361.2825,355.05,353.805,1/12/1991
January,1992,359.1433333,356.93,354.17,357.2125,356.5575,352.2,362.045,354.5825,353.605,1/01/1992
February,1992,358.8033333,357.4666667,354.02,358.4425,356.9,352.73,363.415,354.9175,353.19,1/02/1992
March,1992,359.67,357.3425,NA,359.116,357.98,354.41,362.3466667,354.888,353.035,1/03/1992
April,1992,360.69,358.2425,354.02,360.1,359.08,353.4433333,363.055,354.855,353.185,1/04/1992
May,1992,360.91,358.09,354.255,360.1025,359.552,354.505,362.4,355.0225,353.69,1/05/1992
June,1992,358.7125,358.65,NA,358.744,359.405,354.95,360.475,355.326,353.935,1/06/1992
July,1992,352.8766667,356.93,354.905,355.96,356.322,356.0766667,353.05,355.6875,354.495,1/07/1992
August,1992,350.5533333,356.474,355.05,355.536,354.5525,355.2566667,348.6233333,355.626,354.86,1/08/1992
September,1992,350.38,354.8966667,354.995,352.3666667,353.6633333,355.96,347.605,355.2375,355.2,1/09/1992
October,1992,355.532,355.5425,NA,353.5825,353.18,354.79,353.418,355.645,355.36,1/10/1992
November,1992,NA,355.248,NA,356.682,354.7425,354.1933333,358.2975,355.1975,355.13,1/11/1992
December,1992,358.55,356.3275,355.26,357.8025,355.805,352.66,360.958,355.854,354.89,1/12/1992
January,1993,359.1433333,356.918,NA,359.005,356.845,353.15,362.92,355.415,354.76,1/01/1993
February,1993,359.8075,357.845,355.45,359.075,357.035,353.58,363.335,355.7975,354.545,1/02/1993
March,1993,360.16,357.414,354.98,358.98,358.445,355.34,363.596,356.315,354.235,1/03/1993
April,1993,361.3333333,360.2575,NA,360.255,359.292,354.43,363.4275,356.1575,354.39,1/04/1993
May,1993,361.984,359.018,354.595,361.46,360.555,355.09,363.72,355,354.46,1/05/1993
June,1993,359.8525,358.145,354.98,359.79,359.66,353.965,361.1075,356.0675,354.79,1/06/1993
July,1993,354.3385714,357.9075,355.34,356.7666667,357.452,355.875,351.118,356.1066667,355.145,1/07/1993
August,1993,350.935,357.844,356.65,353.704,355.6075,355.47,347.5775,356.5825,355.625,1/08/1993
September,1993,351,356.82,355.715,352.505,353.492,355.95,351.4466667,356.0825,356,1/09/1993
October,1993,355.3425,356.2475,356.43,354.4375,354.11,355.18,354.004,356.5033333,356.045,1/10/1993
November,1993,357.23,372.605,357.065,356.03,355.54,354.475,359.2125,356.68,355.99,1/11/1993
December,1993,359.93,358.435,356.75,358.4775,356.902,355.13,361.534,356.97,355.7,1/12/1993
January,1994,360.615,358.642,357.68,359.508,358.5475,355.585,362.18,357.3775,355.515,1/01/1994
February,1994,361.43,358.696,356.62,363.3525,359.085,355.13,364.3525,357.8325,355.485,1/02/1994
March,1994,362.1525,360.9633333,356.76,362.3125,359.585,356.09,365.2166667,357.295,355.5,1/03/1994
April,1994,362.98,360.8775,356.95,362.065,361.168,356,364.56,357.345,355.595,1/04/1994
May,1994,363.5,361.628,NA,363.442,361.59,357.13,364.4825,357.308,355.655,1/05/1994
June,1994,361.725,359.9975,356.49,361.1325,361.0775,356.09,363.2025,357.7933333,355.91,1/06/1994
July,1994,357.4575,359.92,356.79,358.4025,358.942,356.97,353.664,357.4666667,356.39,1/07/1994
August,1994,352.96,359.4575,357.16,356.544,357.185,357.36,348.0225,357.6125,357.015,1/08/1994
September,1994,352.275,358.435,357.63,355.085,355.152,357.6966667,352.945,357.8175,357.56,1/09/1994
October,1994,357.2033333,358.85,357.6466667,356.672,355.885,357.74,357.3375,357.83,357.505,1/10/1994
November,1994,359.2933333,NA,NA,359.12,357.374,NA,363.6875,358.44,357.71,1/11/1994
December,1994,362.33,NA,NA,363.8775,359.6366667,355.36,364.724,359.04,357.53,1/12/1994
January,1995,362.08,NA,358.31,360.868,360.13,358.075,365.4375,358.87,357.45,1/01/1995
February,1995,362.66,NA,NA,363.1425,360.72,356.29,367.468,359.71,357.36,1/02/1995
March,1995,363.545,361.48,NA,362.8225,362.042,363.7,366.7775,359.4625,357.345,1/03/1995
April,1995,364.7575,NA,NA,364.95,363.13,357.955,367.5375,358.83,357.58,1/04/1995
May,1995,364.18,NA,358.65,364.24,363.5366667,357.765,367.282,359.78,357.765,1/05/1995
June,1995,363.3975,NA,359.77,362.79,363.51,361.36,363.7125,359.51,357.885,1/06/1995
July,1995,359.56,362.105,NA,361.488,361.2833333,358.68,364.8166667,360.0966667,358.255,1/07/1995
August,1995,353.8833333,360.58375,359.04,357.63,358.6025,359.02,360.005,359.71,358.655,1/08/1995
September,1995,357.805,363.5975,NA,359.41,357.656,358.8,353.42,359.525,359.105,1/09/1995
October,1995,363.2325,360.628,NA,359.364,357.6275,358.25,359.4033333,359.9625,359.25,1/10/1995
November,1995,360.49,NA,NA,360.815,359.8925,358.57,364.17,360.2866667,359.43,1/11/1995
December,1995,NA,362.87,NA,365.64,360.2533333,358.45,372.188,360.755,359.48,1/12/1995
January,1996,364.66,371.6975,NA,362.74,362.165,357.8,366.9733333,367.9675,359.34,1/01/1996
February,1996,365.1575,363.215,360.13,364.14,362.82,358.975,370.7566667,362.035,359.36,1/02/1996
March,1996,365.76,364.76,359.68,365.645,363.92,360.35,367.9325,361.71,359.25,1/03/1996
April,1996,366.29,NA,360.8,365.104,364.75,358.72,368.4125,360.29,359.32,1/04/1996
May,1996,366.91,365.49,359.51,365.525,365.144,359.8,370.368,360.996,359.375,1/05/1996
June,1996,364.7175,363.4975,365.03,366.34,365.16,370.91,366.6,361.21,359.65,1/06/1996
July,1996,360.58,363.4,360.665,362.612,363.8625,360.01,361.25,360.944,360.07,1/07/1996
August,1996,357.625,362.81,360.63,360.7625,361.198,360.43,354.1375,361.41,360.435,1/08/1996
September,1996,357.026,NA,359.9,358.685,359.6775,NA,355.315,365.9766667,360.65,1/09/1996
October,1996,361.26,NA,359.13,360.092,359.45,359.21,364.1166667,361.075,360.705,1/10/1996
November,1996,363.47,NA,360.87,362.1466667,362.892,359.85,365.7775,361.5875,360.75,1/11/1996
December,1996,NA,NA,361.68,364.2325,362.13,360.7,377.0075,362.04,360.73,1/12/1996
January,1997,365.435,363.5125,361.34,366.74,363.052,NA,370.2733333,362.3933333,362.6733333,1/01/1997
February,1997,366.505,377.3325,363.34,365.1025,364.18,NA,369.485,362.1175,360.43,1/02/1997
March,1997,367.15,367.174,362.68,365.494,364.855,359.8633333,368.418,364.7275,360.32,1/03/1997
April,1997,367.962,365.6266667,361.3,366.9775,366.5875,360.06,370.455,362.4233333,360.44,1/04/1997
May,1997,368.1333333,374.13,360.81,370.52,366.568,360.55,370.546,361.2875,360.53,1/05/1997
June,1997,365.71,363.975,361.545,372.456,365.46,360.4,368.0025,361.5275,360.83,1/06/1997
July,1997,361.106,364.66,361.72,368.9025,364.1475,NA,372.8966667,362.2225,361.14,1/07/1997
August,1997,357.0033333,363.96,361.99,361.6275,362.352,361.65,358.448,379.59,361.42,1/08/1997
September,1997,358.3966667,363.765,362.025,366.504,360.2066667,361.13,358.5,362.3725,361.875,1/09/1997
October,1997,367.7025,373.195,362.26,360.75,360.692,NA,362.115,363.05,361.9833333,1/10/1997
November,1997,364.26,362.11,NA,369.915,362.5975,NA,367.236,363.8866667,362.11,1/11/1997
December,1997,366.025,364.585,362.92,367.2125,363.81,NA,367.3725,363.675,362.145,1/12/1997
January,1998,366.9166667,366.42,NA,366.51,365.028,362.3,373.22,363.9533333,362.1,1/01/1998
February,1998,368.1225,NA,363.9,368.175,365.78,362.62,371,363.59,362.305,1/02/1998
March,1998,368.38,368.9,NA,369.918,367.115,362.75,371.01,364.646,362.365,1/03/1998
April,1998,370.2775,368.66,363.87,369.655,368.29,363.04,371.97,363.3266667,362.595,1/04/1998
May,1998,370.2525,NA,364.11,369.33,369.144,363.08,372.718,364.1175,362.925,1/05/1998
June,1998,367.252,368.8566667,365.28,375.508,368.76,NA,369.66,364.818,363.45,1/06/1998
July,1998,364.0625,368.0625,363.77,366.38,367.432,364.89,361.485,364.9833333,363.91,1/07/1998
August,1998,360.37,366.2533333,NA,364.194,365.165,364.53,356.834,365.19,364.455,1/08/1998
September,1998,362.25,366.21,364.42,363.1825,364.235,364.91,366.65,365.3925,364.92,1/09/1998
October,1998,366.14,366.465,NA,365.665,364.142,363.56,364.66,365.615,364.985,1/10/1998
November,1998,NA,366.898,NA,366.758,365.6725,362.26,368.7675,366.06,365.1166667,1/11/1998
December,1998,369.8333333,367.5625,NA,369.2825,367.526,364.285,373.0325,366.27,364.98,1/12/1998
January,1999,369.59,368.582,367.885,369.7225,367.99,364.97,374.216,366.865,364.9433333,1/01/1999
February,1999,371.4733333,369.2,NA,369.885,368.38,365.3,375.5925,366.6425,364.76,1/02/1999
March,1999,371.832,369.7066667,365.69,371.256,369.31,367.68,374.01,366.2975,364.73,1/03/1999
April,1999,373.46,370.0025,365.8266667,371.8925,370.624,363.885,374.598,366.82,365.395,1/04/1999
May,1999,373.9,368.912,NA,371.885,370.7625,364.9,375.28,366.5866667,365,1/05/1999
June,1999,370.94,368.8933333,369.53,370.498,370.485,365.28,372.3766667,367.4275,368.51,1/06/1999
July,1999,364.4175,368.8475,366.21,367.275,369.3375,365.89,362.51,367.3825,365.565,1/07/1999
August,1999,363.76,368.0366667,366.64,364.43,366.5875,NA,357.405,367.185,365.84,1/08/1999
September,1999,360.5,367.82,NA,364.78,364.1175,NA,362.0733333,366.9025,366.31,1/09/1999
October,1999,365.505,367.7075,NA,366.065,365.13,366.55,364.71,366.8933333,366.49,1/10/1999
November,1999,368.44,368.115,367.27,368.138,366.66,366.09,374.38,367.1975,368.135,1/11/1999
December,1999,370.17,369.2075,367.68,369.265,368.324,365.86,373.355,367.625,366.89,1/12/1999
January,2000,370.28,370.2166667,367.37,370.1675,369.6675,365.66,374.64,368.38,366.475,1/01/2000
February,2000,372.414,370.255,368.76,370.796,369.97,369.94,376.4475,368.555,366.805,1/02/2000
March,2000,373.64,370.665,366.77,372.62,370.736,366.19,374.7225,368.06,366.82,1/03/2000
April,2000,373.9566667,371.848,NA,373.1325,372.095,NA,375.7666667,367.9125,366.415,1/04/2000
May,2000,374.1475,372.57,366.29,373.3,371.5375,366.03,376.705,367.085,366.54,1/05/2000
June,2000,371.6075,370.4233333,365.79,372.71,371.466,NA,370.5866667,367.175,366.73,1/06/2000
July,2000,367.4533333,371.45,366.795,369.1425,369.8675,367.49,365.285,368.4175,367.035,1/07/2000
August,2000,362.38,369.4983333,367.71,366.73,368.18,366.16,359.8675,368.244,367.445,1/08/2000
September,2000,367.24,368.9166667,366.69,367.5425,367.046,NA,363.048,368.1175,367.61,1/09/2000
October,2000,367.8566667,369.322,367.81,367.062,367.24,366.99,368.9,368.6375,367.74,1/10/2000
November,2000,370.23,368.8566667,368.38,368.97,368.35,367.32,370.4725,368.876,367.905,1/11/2000
December,2000,371.165,370.9233333,368.05,370.3775,369.828,NA,373.562,368.94,367.86,1/12/2000
January,2001,372.1,NA,NA,371.816,370.9425,NA,375.8366667,369.554,367.85,1/01/2001
February,2001,373.9,NA,369.27,372.8625,371.52,NA,377.195,370.1433333,367.135,1/02/2001
March,2001,374.43,NA,368.42,374.09,372.7575,367.01,381.832,370.0525,367.04,1/03/2001
April,2001,375.425,NA,367.48,374.15,373.8825,367.28,377.685,369.635,367.32,1/04/2001
May,2001,376.2775,NA,367.77,375.244,374.256,368.27,377.4775,368.978,367.545,1/05/2001
June,2001,373.312,NA,NA,374.374,373.565,368.44,374.92,369.97,367.85,1/06/2001
July,2001,366.4066667,NA,369.66,370.944,371.175,NA,365.365,370.3566667,368.185,1/07/2001
August,2001,365.22,370.9933333,NA,369.6175,369.634,NA,361.1533333,370.0375,368.735,1/08/2001
September,2001,363.515,NA,368.83,367.355,368.0925,368.51,363.2775,369.79,369.37,1/09/2001
October,2001,372.535,NA,369.08,370.48,368.392,368.885,370.3033333,370.112,369.5866667,1/10/2001
November,2001,373.59,NA,369.38,371.5075,370.0275,NA,371.425,370.485,369.475,1/11/2001
December,2001,373.28,NA,371.06,371.9,371.3575,NA,375.81,370.76,369.25,1/12/2001
January,2002,375.1333333,NA,NA,373.6675,372.008,NA,377.93,370.9775,369.32,1/01/2002
February,2002,375.21,NA,373.56,374.79,372.5666667,NA,377.84,371.81,369.935,1/02/2002
March,2002,376.7275,NA,NA,375.05,373.832,NA,379.62,371.015,369.585,1/03/2002
April,2002,376.235,NA,NA,376.394,374.4975,NA,379.76,371.104,369.67,1/04/2002
May,2002,377.3033333,375.22,NA,376.705,375.382,370.08,379.06,371.59,369.925,1/05/2002
June,2002,374.075,374.81,371.08,375.22,375.755,NA,376.67,371.6475,370.3,1/06/2002
July,2002,369.8625,NA,371.2,372.854,373.728,371,370.8433333,371.975,370.755,1/07/2002
August,2002,364.89,383.49,371.12,370.3825,371.16,NA,362.83,371.9566667,371.34,1/08/2002
September,2002,368.655,NA,372.59,370.232,369.7775,NA,366.65,372.055,371.64,1/09/2002
October,2002,371.7,373.195,372.035,371.7,370.52,371.59,372.885,372.612,371.8,1/10/2002
November,2002,372.65,373.6075,372.57,372.985,372.41,371.66,375.8,373.195,371.815,1/11/2002
December,2002,376.415,376.4625,NA,375.126,373.8425,NA,380.97,373.42,371.615,1/12/2002
January,2003,NA,NA,NA,376.5525,374.765,371.55,379.06,373.5125,371.945,1/01/2003
February,2003,378.0266667,375.49,373.17,377.245,375.59,NA,382.2975,372.6166667,371.79,1/02/2003
March,2003,378.16,377.12,NA,378.386,376.855,NA,384.8733333,374.5866667,371.685,1/03/2003
April,2003,379.95,380.64,373.11,378.755,378.004,372.3,382.8333333,374.192,371.93,1/04/2003
May,2003,380.05,NA,373.71,380.745,378.7725,372.86,382.056,373.93,372.25,1/05/2003
June,2003,378.49,NA,373.34,379.312,378.5725,373.22,380.0525,373.2833333,372.495,1/06/2003
July,2003,372.67,NA,NA,375.515,376.1,NA,371.1566667,374.126,372.875,1/07/2003
August,2003,368.6533333,375.885,NA,374.28,374.645,373.38,372.406,374.66,373.29,1/08/2003
September,2003,368.85,375.2625,373.69,372.144,372.7025,NA,368.51,374.182,373.835,1/09/2003
October,2003,378.39,377.745,373.31,373.7675,372.938,373.4,372.265,374.1775,373.795,1/10/2003
November,2003,377.45,377.02,NA,375.4375,374.9825,NA,379.9,374.6333333,373.645,1/11/2003
December,2003,378.8,376.765,NA,376.37,375.64,NA,382.14,375.0933333,374.35,1/12/2003
January,2004,381.69,378.2,NA,377.4575,376.4725,NA,382.848,375.44,373.605,1/01/2004
February,2004,380.24,378.24,375.22,380.65,378.0875,NA,383.17,376.4466667,373.5,1/02/2004
March,2004,381.265,378.95,NA,379.1525,379.216,373.9733333,382.13,375.88,373.84,1/03/2004
April,2004,381.715,379.445,NA,380.9875,380.625,374.395,383.842,375.75,373.86,1/04/2004
May,2004,381.6875,381.31,NA,380.2875,380.2625,NA,383.3033333,375.0766667,374.03,1/05/2004
June,2004,379.5175,377.9775,374.805,380.37,379.54,375.17,380.62,375.8966667,374.42,1/06/2004
July,2004,374.155,380.8566667,375.4,378.9875,376.5775,375.14,372.91,375.5675,374.795,1/07/2004
August,2004,370.065,379.36,375.16,377.402,375.6875,374.99,367.0275,376.445,375.295,1/08/2004
September,2004,370.29,377.7333333,NA,379.3075,374.132,NA,372.08,375.89,375.485,1/09/2004
October,2004,375.9,380.7925,NA,377.595,374.45,NA,374.28,377.21,375.605,1/10/2004
November,2004,NA,379.4025,NA,379.074,375.985,NA,382.176,376.216,375.5466667,1/11/2004
December,2004,381.9233333,380.43,374.66,378.52,377.41,374.74,386.5166667,381.5266667,375.29,1/12/2004
January,2005,381.0433333,379.495,NA,381.09,378.49,NA,386.37,377.2966667,375.375,1/01/2005
February,2005,382.09,380.095,NA,381.6625,379.9475,375.36,386.5,376.76,375.095,1/02/2005
March,2005,382.58,379.88,377.33,383.715,381.096,375.445,387.5966667,378.1725,379.315,1/03/2005
April,2005,383.49,382.505,376.03,384.0075,382.03,374.4,386.562,378.16,375.675,1/04/2005
May,2005,383.93,381.064,376.45,383.316,382.2225,375.75,386.2475,377.24,376.085,1/05/2005
June,2005,382.59,380.615,NA,381.9375,381.904,376.77,383.11,377.95,376.47,1/06/2005
July,2005,376.6933333,381.01,377.43,378.81,380.885,NA,377.11,377.795,379.65,1/07/2005
August,2005,372.49,380.456,377.86,376.636,378.334,378.5,368.44,378.2575,380.635,1/08/2005
September,2005,373.02,379.53,377.57,377.945,376.3175,377.345,372.978,378.066,377.66,1/09/2005
October,2005,379.16,NA,377.99,376.612,377.0625,377.63,378.5325,378.315,377.985,1/10/2005
November,2005,378.48,381.91,NA,381.14,378.244,378.77,383.5925,379.515,377.67,1/11/2005
December,2005,382.8,383.888,NA,382.1175,380,NA,385.572,379.1225,377.445,1/12/2005
January,2006,384.7,383.045,NA,383.536,380.9375,377.18,386.28,380.11,377.845,1/01/2006
February,2006,385.3,382.905,NA,383.62,381.895,NA,392.02,380.6433333,377.61,1/02/2006
March,2006,386.058,382.735,379.8,383.5775,382.388,377.63,390.13,379.395,377.595,1/03/2006
April,2006,386.2033333,384.6333333,NA,387.2825,384.755,378,387.4175,379.59,379.335,1/04/2006
May,2006,386.575,NA,379.65,386.258,385.274,378.17,389.205,379.98,377.95,1/05/2006
June,2006,385.07,381.95,NA,385.0475,383.7525,378.645,388.6566667,379.5275,378.265,1/06/2006
July,2006,381.7733333,381.37,378.77,382.3775,382.105,379.15,376.865,380.9766667,378.735,1/07/2006
August,2006,377.99,383.776,NA,377.958,379.986,379.33,372.14,379.714,379.13,1/08/2006
September,2006,376.65,381.3166667,NA,380.4225,378.4775,NA,378.5975,379.61,379.19,1/09/2006
October,2006,380.5233333,381.385,NA,380.696,379.0775,378.99,382.0475,379.882,379.29,1/10/2006
November,2006,383.235,381.846,NA,381.8025,380.076,NA,384.185,380.615,379.35,1/11/2006
December,2006,NA,382.1866667,NA,383.755,381.8125,379.1966667,391.51,381.2566667,382.15,1/12/2006
January,2007,386.06,383.05,NA,383.284,383.182,NA,391.09,380.42,379.24,1/01/2007
February,2007,386.825,382.9,NA,385.6075,384.215,NA,391.5633333,382.36,379.31,1/02/2007
March,2007,387.85,384.2625,NA,384.2075,384.4675,NA,392.932,382.2566667,379.265,1/03/2007
April,2007,388.91,385.12,NA,386.6525,386.395,380.21,391.41,381.79,379.555,1/04/2007
May,2007,387.84,384.47,380.48,386.954,386.394,NA,389.8175,382.2633333,379.85,1/05/2007
June,2007,385.67,384.65,380.59,386.4225,385.8725,380.82,389.854,381.8575,380.205,1/06/2007
July,2007,380.83,385.228,382.94,383.2133333,384.5275,380.875,374.895,382.4333333,380.6,1/07/2007
August,2007,378.41,383.6575,NA,379.78,381.584,380.83,373.4375,382.2475,381.075,1/08/2007
September,2007,378.5566667,382.8975,381.49,380.81,380.2825,381.1,378.4425,382.1,381.445,1/09/2007
October,2007,381.6,382.998,382.105,381.832,380.8075,381.34,381.165,382.3175,381.64,1/10/2007
November,2007,NA,383.885,NA,382.865,382.334,381.14,386.46,382.695,381.61,1/11/2007
December,2007,385.72,384.32,381.83,384.915,383.8575,381.96,390.0125,383.195,381.675,1/12/2007
January,2008,388.43,385.374,384.71,385.9775,385.5,381.53,400.1166667,384.456,381.795,1/01/2008
February,2008,388.31,385.6925,383.15,386.9133333,385.3175,NA,392.975,383.655,381.5433333,1/02/2008
March,2008,NA,385.185,NA,387.315,385.92,381.59,392.48,383.5275,381.625,1/03/2008
April,2008,389.93,386.752,384.49,388.59,386.8975,381.05,392.31,383.3025,381.84,1/04/2008
May,2008,389.9075,386.595,NA,389.2266667,388.466,NA,394.5,383.96,381.765,1/05/2008
June,2008,389.27,386.23,NA,388.1875,388.245,NA,389.6175,383.8033333,382.115,1/06/2008
July,2008,381.205,386.192,NA,385.16,386.366,383.05,381.6825,383.6725,384.405,1/07/2008
August,2008,379.3433333,385.54,NA,382.9975,383.63,NA,376.6133333,383.8325,385.315,1/08/2008
September,2008,NA,384.51,NA,382.914,382.86,383.37,379.08,383.575,383.305,1/09/2008
October,2008,382.73,384.19,NA,382.41,382.594,383.43,385.812,384.0575,383.255,1/10/2008
November,2008,386.05,385.13,384.06,384.27,384.0275,NA,388.98,384.3366667,383.365,1/11/2008
December,2008,389.0066667,387.2783333,NA,386.12,385.2925,NA,391.584,385.0533333,383.345,1/12/2008
January,2009,388.9,387.33,NA,387.85,386.806,382.87,394.046,385.54,383.395,1/01/2009
February,2009,390.465,388.4933333,385.75,389.185,387.2075,NA,395.48,384.1633333,383.08,1/02/2009
March,2009,391.2,388.9,NA,389.1366667,388.795,382.895,393.822,385.07,383.085,1/03/2009
April,2009,391.565,390.94,383.41,390.954,389.378,384.38,396.2333333,385.43,383.24,1/04/2009
May,2009,391.5,390.615,NA,390.76,389.98,383.7,393.706,384.695,383.33,1/05/2009
June,2009,389.5466667,387.7466667,384.6,390.69,389.55,NA,391.3875,384.185,383.645,1/06/2009
July,2009,NA,NA,NA,387.105,387.558,NA,382.894,384.886,384.08,1/07/2009
August,2009,380.8666667,NA,384.45,384.558,385.6375,384.5,381.4475,385.04,384.44,1/08/2009
September,2009,379.15,NA,386.89,384.575,384.358,384.21,379.155,384.49,384.76,1/09/2009
October,2009,382.885,388.104,NA,384.2,384.3775,383.47,386.63,385.23,384.99,1/10/2009
November,2009,385.57,388.15,NA,386.876,385.7275,NA,387.005,385.385,384.975,1/11/2009
December,2009,390.835,388.505,NA,388.045,387.212,383.92,392.445,384.89,384.88,1/12/2009
January,2010,390.81,390.9733333,385.39,391.72,387.9625,NA,393.838,NA,384.925,1/01/2010
February,2010,390.91,390.02,387.26,391.4125,389.81,384.9,394.6025,388.87,384.5233333,1/02/2010
March,2010,392.2566667,399.1325,NA,391.794,390.978,387.09,394.5725,387.885,384.575,1/03/2010
April,2010,394.2533333,NA,NA,392.96,392.6125,384.775,396.14,386.48,384.72,1/04/2010
May,2010,394.49,399.475,387.69,393.344,392.8875,385.79,395.2225,NA,384.905,1/05/2010
June,2010,392.8,389.3066667,NA,392.185,392.202,385.5,394.0325,388.17,385.405,1/06/2010
July,2010,385.6,413.65,NA,389.1525,389.925,386.17,383.472,388.46,386.08,1/07/2010
August,2010,381.04,388.145,387.16,386.004,387.644,386.52,378.1,387.855,386.705,1/08/2010
September,2010,383.82,390.915,386.8,386.3925,386.2325,NA,383.085,387.5925,387.225,1/09/2010
October,2010,389.7,390.325,NA,388.35,387.0475,387.04,388.868,386.93,387.265,1/10/2010
November,2010,NA,389.84,387.92,390.88,388.494,NA,397.1575,388.0566667,387.15,1/11/2010
December,2010,392.79,389.94,NA,389.7075,389.6525,387.41,397.824,388.8575,387.235,1/12/2010
January,2011,395.97,390.1166667,389.425,393.416,391.4625,387.03,399.2875,389.485,387.15,1/01/2011
February,2011,394.67,392.082,NA,393.1325,391.675,NA,396.9725,389.38,387.275,1/02/2011
March,2011,395.315,394.51,NA,393.8925,392.25,386.41,398.445,389.198,386.78,1/03/2011
April,2011,396.27,392.6333333,387.8,397.215,393.465,388.26,398.964,388.94,386.85,1/04/2011
May,2011,396.06,391.63,386.97,395.364,393.966,NA,400.23,389.41,386.985,1/05/2011
June,2011,395.665,393.36,NA,393.915,393.165,385.555,394.09,388.838,387.37,1/06/2011
July,2011,387.04,391.93,389.83,390.31,392.31,388.31,384.5666667,389.5225,387.68,1/07/2011
August,2011,382.97,391.8233333,NA,388.778,389.918,NA,378.67,390.168,388.285,1/08/2011
September,2011,NA,392.942,NA,388.39,388.385,389.28,384.765,390.5033333,388.625,1/09/2011
October,2011,388.1,390.2975,389.92,390.536,388.9775,387.68,390.0566667,391.095,388.97,1/10/2011
November,2011,392.49,390.84,392.07,393.5325,390.188,388.02,398.598,390.3075,389.02,1/11/2011
December,2011,401.95,391.38,NA,393.545,391.705,NA,397.305,390.6333333,389.075,1/12/2011
January,2012,395.78,395.3133333,390.5,393.4425,392.878,387.88,399.456,391.0525,388.885,1/01/2012
February,2012,397.53,393.9825,NA,394.646,393.1825,387.955,398.58,391.77,388.405,1/02/2012
March,2012,397,394.945,390.42,397.63,394.145,388.14,399.088,392.114,388.655,1/03/2012
April,2012,398.4975,398.2866667,NA,399.196,395.9875,388.26,401.05,390.98,388.735,1/04/2012
May,2012,397.7,401.745,391,397.8475,396.702,389.27,400.676,391.325,389.04,1/05/2012
June,2012,395.99,393.145,NA,395.9,395.73,390.29,396.8825,391.52,389.28,1/06/2012
July,2012,391.22,NA,390.12,392.59,393.862,NA,388.004,390.645,389.995,1/07/2012
August,2012,388.055,393.865,NA,393.7925,391.5625,390.63,381.886,391.8525,390.74,1/08/2012
September,2012,391.42,NA,390.72,390.2425,390.7575,391.27,386.25,391.6475,390.985,1/09/2012
October,2012,392.0866667,394.57,391.37,395.355,390.71,NA,393.648,392.0525,391.2,1/10/2012
November,2012,395.54,393.9525,392.27,394.162,392.9575,NA,398.6525,392.8175,391.12,1/11/2012
December,2012,397.55,393.19,392.13,394.715,394.15,391.32,399.276,392.925,391.38,1/12/2012
January,2013,399.73,NA,NA,398.51,395.184,391.37,401.115,394.6666667,391.15,1/01/2013
February,2013,401.225,NA,NA,397.6275,396.425,390.77,402.3025,393.77,391.16,1/02/2013
March,2013,399.08,NA,391.62,400.33,397.5975,391.58,402.9075,393.865,391.06,1/03/2013
April,2013,401.245,NA,392.68,399.552,398.27,NA,402.342,394.9466667,391.3733333,1/04/2013
May,2013,401.0633333,NA,NA,401.525,399.82,392.54,403.0325,394.85,392.02,1/05/2013
June,2013,400.37,397.1366667,393.55,400.0125,398.445,392.3333333,400.63,393.9466667,392.48,1/06/2013
July,2013,390.9233333,398.6,NA,395.84,397.232,NA,389.62,394.59,393,1/07/2013
August,2013,388.99,399.9,392.95,393.6625,394.06,NA,387.65,394.968,395.535,1/08/2013
September,2013,391.83,398.26,NA,392.2825,NA,393.66,389.01,394.8275,393.79,1/09/2013
October,2013,395.2233333,396.79,NA,395.168,NA,NA,395.648,394.8325,393.785,1/10/2013
November,2013,404.83,395.49,395.75,396.6775,NA,396.04,399.4425,395.18,396.52,1/11/2013
December,2013,400.165,397.47,395.18,397.836,NA,NA,403.586,395.8025,393.94,1/12/2013
January,2014,401.84,404.58,394.23,401.28,NA,392.75,402.85,396.635,393.935,1/01/2014
February,2014,401.71,NA,NA,400.49,NA,392.84,406.1975,397.135,393.72,1/02/2014
March,2014,403.42,397.55,NA,399.845,NA,393.33,404.582,395.935,393.585,1/03/2014
April,2014,403.82,399.205,NA,401.658,NA,NA,405.58,395.69,393.71,1/04/2014
May,2014,403.215,403.2333333,NA,402.445,NA,NA,405.2175,395.0866667,393.98,1/05/2014
June,2014,400.47,396.98,NA,401.318,NA,NA,402.566,395.535,394.6,1/06/2014
July,2014,395.9766667,403.1833333,NA,396.985,NA,NA,393.0833333,397.205,394.63,1/07/2014
August,2014,392.745,396.6425,394.86,394.7825,NA,393.99,388.6475,395.3125,395.145,1/08/2014
September,2014,393.38,401.0925,NA,395.872,NA,396.92,389.4825,395.96,395.5,1/09/2014
October,2014,397.94,NA,418.67,395.66,NA,NA,394.34,396.1075,395.655,1/10/2014
November,2014,400.5,NA,395.39,401.1175,NA,394.56,402.5425,402.81,395.62,1/11/2014
December,2014,401.92,NA,395.9,399.736,NA,395.19,603.576,395.055,395.675,1/12/2014
January,2015,NA,NA,NA,400.9875,NA,NA,405.32,397.89,395.765,1/01/2015
February,2015,403.825,401.51,NA,402.6675,NA,394.55,407.55,397.96,395.55,1/02/2015
March,2015,401.79,399.49,396.66,406.8075,NA,397.94,406.4833333,398.356,NA,1/03/2015
April,2015,403.88,398.88,NA,403.15,NA,NA,406.9166667,NA,NA,1/04/2015
May,2015,404.8,NA,NA,404.03,NA,NA,406.47,NA,NA,1/05/2015
