Width,Height,Count
390,670,8691
393,666,4800
375,635,4618
390,664,2503
393,660,2318
414,721,2130
375,641,1890
428,752,1692
375,559,1643
375,629,1393
430,746,1231
412,783,824
390,663,766
393,722,577
414,715,565
390,669,543
396,727,540
412,784,528
412,771,523
1920,937,512
412,786,504
360,649,469
750,346,456
390,666,443
393,659,441
414,725,441
414,789,429
414,787,428
412,770,422
428,746,417
390,665,404
375,548,374
375,630,367
414,790,360
412,760,354
360,560,354
1194,766,333
430,740,322
390,661,320
375,634,319
1920,961,301
375,631,296
360,682,285
393,736,285
360,512,267
408,764,266
432,784,254
390,662,250
360,667,249
360,670,236
393,662,232
750,307,224
414,785,223
1728,1000,222
2560,1289,222
393,698,221
1920,929,219
1920,944,214
414,719,212
360,648,212
768,960,209
393,737,208
384,726,204
1920,947,203
384,723,201
375,628,199
724,292,195
734,349,193
375,633,192
384,713,190
375,632,190
393,780,186
1920,919,185
378,711,184
375,626,184
1536,827,183
320,460,180
393,658,178
2560,1287,175
1366,956,175
428,748,173
393,732,170
384,754,170
485,921,170
414,714,169
360,643,165
375,644,165
375,627,163
712,331,160
712,292,160
1800,1006,159
360,617,158
1680,914,158
820,1112,158
1412,767,157
414,699,156
1512,833,154
378,707,153
2560,1297,151
1728,994,150
393,473,150
1512,865,148
360,672,147
360,690,146
412,761,146
1440,796,144
1920,927,143
432,820,142
412,807,140
360,612,140
1112,731,139
375,636,139
320,533,138
360,592,137
360,699,135
375,448,134
834,1120,134
1440,821,134
1080,707,134
360,718,134
412,652,132
428,751,131
734,310,130
320,449,130
390,469,130
412,750,128
360,666,127
834,1126,127
1512,834,127
1920,968,126
360,676,126
414,717,126
424,804,123
393,686,123
225,377,123
399,758,122
1536,1014,122
375,524,122
1439,717,122
1280,609,122
1394,838,122
375,637,122
1024,704,121
412,756,121
414,761,120
1112,770,119
384,674,119
412,829,117
414,503,116
414,712,112
396,703,110
393,741,110
430,742,109
834,1048,109
360,665,109
375,625,109
393,719,109
393,663,109
800,331,109
390,656,105
414,718,104
1080,735,104
412,762,104
1920,955,103
375,621,103
1512,864,102
396,758,102
2560,1304,101
360,662,101
360,647,101
432,838,100
412,742,100
2560,1307,100
1920,970,99
432,844,99
2560,1302,99
1420,855,99
432,732,98
360,640,96
1496,822,96
820,1108,96
384,675,96
1080,746,95
393,651,95
1366,768,95
360,691,95
412,735,94
412,774,93
384,854,92
393,772,92
641,758,92
396,774,92
2560,969,92
1536,864,92
1470,796,92
424,841,92
412,740,92
360,716,92
640,280,92
412,699,92
1266,673,92
412,780,92
378,758,92
1440,815,92
1920,941,92
1440,763,92
414,720,90
430,738,90
412,818,89
2560,1321,87
408,760,86
384,679,86
412,746,85
393,720,85
485,967,82
384,384,82
360,689,82
390,648,82
412,838,82
360,732,82
384,718,82
908,480,82
1194,727,82
414,896,81
393,657,81
375,496,81
320,276,81
396,773,81
375,687,81
412,797,81
375,707,81
393,652,80
810,1005,79
320,528,79
360,700,79
1536,824,78
360,706,78
1536,731,78
447,758,78
430,741,78
424,808,78
414,766,78
1910,831,78
412,789,78
375,680,78
1439,945,78
485,920,77
1024,890,76
851,304,76
375,545,76
1920,1080,75
375,549,75
412,839,75
834,1087,74
374,700,74
375,543,73
712,325,73
360,694,73
1920,942,73
414,628,72
1792,982,72
375,547,72
1920,969,71
724,325,70
375,555,70
427,804,70
353,649,70
360,619,70
384,775,69
414,823,69
654,610,69
598,620,69
1920,978,69
1833,1276,69
360,568,69
393,561,69
377,698,69
320,284,69
1280,566,69
414,764,69
412,810,69
428,747,69
486,924,69
432,841,69
360,651,69
500,847,69
1920,963,69
810,1016,69
393,768,67
360,518,67
808,287,67
441,376,66
1180,752,66
1280,1304,65
1368,1045,65
1728,944,65
2144,1081,65
445,862,65
1660,1005,65
1279,795,65
1325,1335,65
2560,1278,65
832,338,65
360,654,65
414,782,65
408,797,65
390,672,65
1440,789,65
810,1010,65
430,739,65
808,370,65
1920,1075,65
360,674,65
358,670,65
1920,952,64
1536,714,64
1440,701,64
430,745,64
360,704,64
1920,980,64
1690,1049,64
1920,1008,64
390,513,64
414,837,64
1280,960,64
1536,711,64
393,661,64
412,815,64
1920,976,64
1162,1001,64
412,790,63
856,305,63
1512,831,63
393,628,62
428,745,62
396,742,62
393,650,62
1366,625,62
393,742,62
412,782,62
393,655,62
952,952,62
1507,927,61
1429,1006,61
1740,847,61
1885,940,61
1504,749,61
1280,800,61
1993,809,61
1353,1154,61
608,1064,61
1470,809,61
412,687,61
1440,945,61
738,369,61
873,1237,61
432,811,61
1685,994,61
2240,1086,61
1536,792,61
567,850,61
2240,1114,61
1325,944,61
1504,1587,61
1243,662,61
1133,642,61
1278,1354,61
314,678,61
1718,1198,61
1266,739,61
1910,1959,61
390,557,61
809,649,61
360,615,61
1351,799,61
1654,1336,61
1108,1391,61
414,754,61
576,1095,61
3840,1464,61
515,981,61
960,935,61
1536,1642,61
375,678,61
1920,1984,61
501,956,61
1296,839,61
598,1064,61
747,321,61
2048,1031,61
1399,1037,61
320,332,61
326,482,61
1905,1054,61
393,710,61
408,763,61
504,998,61
414,695,61
980,1795,61
3440,1430,61
1512,786,61
1706,1315,61
2160,1564,61
432,873,61
1188,728,61
432,858,61
1222,754,61
1536,835,61
551,720,61
1728,878,61
2053,1336,61
393,851,61
955,992,61
1366,897,61
1976,1304,61
1285,707,61
980,1840,61
1549,968,61
360,622,61
874,991,61
1194,704,61
600,832,61
1918,973,61
1805,1058,61
1341,833,61
1158,1193,61
1189,740,61
375,704,61
1920,1003,61
468,874,61
384,771,61
412,840,61
2540,1335,61
1371,1064,61
390,753,61
1630,1035,61
1512,785,61
1492,848,61
1316,751,61
1492,777,61
1680,965,61
1921,1500,61
1880,961,61
320,529,61
320,520,61
958,952,61
964,603,61
396,713,61
1168,601,61
1222,1097,61
1440,814,61
1187,966,61
1194,871,61
1879,926,61
1494,1323,61
3440,1343,61
425,876,61
375,440,61
317,603,61
980,1791,61
1823,845,61
730,327,61
360,652,61
2400,1237,61
408,792,61
412,688,61
384,806,61
360,728,61
1000,600,61
414,799,61
320,578,61
1720,1391,61
980,1824,61
738,1496,61
2560,1312,61
450,834,61
393,778,61
1748,1017,61
1052,568,61
1920,966,61
1737,905,61
375,741,61
412,361,61
1194,1056,61
1680,940,61
1173,1065,61
1492,743,61
1745,1815,61
800,1144,61
2008,1240,61
412,808,61
1818,1266,61
2294,1302,61
980,1710,61
1676,826,61
1280,823,61
1920,938,61
1894,1005,61
1512,806,61
1323,669,61
320,568,61
807,1182,61
899,869,61
1536,793,61
412,882,61
952,866,61
1202,855,61
820,1061,61
1707,948,61
1080,832,61
1503,1329,61
500,1279,61
1680,907,61
1304,665,61
360,761,61
375,608,61
1504,1630,61
1505,901,61
1184,687,61
378,738,61
1904,928,61
1778,1028,61
1366,604,61
1061,686,61
450,1013,61
1371,732,61
1314,1187,61
1440,750,61
378,692,61
341,639,61
1710,897,61
1152,851,61
1680,879,61
1920,972,61
843,356,61
882,851,61
1105,788,61
1256,856,61
1302,840,61
1512,788,61
1373,1291,61
450,913,61
2518,1241,61
1077,843,61
1534,667,61
1292,762,61
1681,754,61
1012,1363,61
975,935,61
424,763,61
1536,721,61
360,711,61
1440,850,61
1366,945,61
1000,1000,61
1324,888,61
1558,1031,61
378,658,61
432,869,61
1280,567,61
360,522,61
2054,1017,61
629,676,61
1050,1907,61
1245,1328,61
1434,1037,61
1371,1028,61
844,1059,61
3360,1814,61
450,1659,61
1504,1133,61
1407,726,61
1411,985,61
408,712,61
396,785,61
1561,1021,61
414,821,61
1187,855,61
1624,973,61
1858,1009,61
1280,900,61
1636,1035,61
1881,884,61
331,656,61
396,779,61
1728,958,61
1077,769,61
1540,736,61
349,638,61
1640,920,61
768,999,61
1916,1475,61
1208,1359,61
450,300,61
412,803,61
767,299,61
1280,720,61
1260,1395,61
414,736,61
313,580,61
560,702,61
891,677,61
424,283,61
1312,1134,61
1690,1276,61
1920,1464,61
750,340,61
412,698,61
412,732,61
648,1058,61
412,816,61
485,922,61
412,766,61
377,594,61
1920,862,61
1920,2032,61
2145,1205,61
800,937,61
412,837,61
779,304,61
1280,784,61
3626,2039,61
768,912,61
1441,953,61
1646,360,61
375,640,61
723,280,60
7031,2060,60
3440,1336,60
814,340,60
3710,1464,60
1451,296,59
486,942,59
393,654,59
1440,820,59
724,331,59
360,745,59
396,681,58
393,665,58
384,693,57
2076,1306,57
414,793,56
2560,1335,56
1920,967,56
384,741,55
800,370,55
414,775,55
412,718,54
375,563,53
393,752,52
414,656,52
1566,1092,52
393,676,51
378,702,51
1728,968,51
832,384,50
375,648,49
412,743,48
1188,734,48
896,953,48
408,726,48
1920,975,48
1133,676,48
1439,973,48
768,1024,48
1440,768,48
1920,1093,48
441,747,48
1920,1090,48
375,499,48
1324,816,48
843,301,47
2140,1280,47
393,517,47
384,725,47
375,552,47
393,792,47
412,753,47
384,740,46
384,722,45
414,786,45
412,826,45
2560,1336,44
1920,977,43
360,646,43
424,822,43
1920,898,43
1792,1010,43
412,781,43
375,712,42
360,660,42
1800,1045,42
375,653,42
744,1026,42
384,727,42
396,715,42
414,763,41
393,779,41
424,829,39
1920,899,39
412,721,39
1910,947,39
1140,379,39
393,715,39
1045,832,39
360,668,39
1366,914,39
1512,759,39
1728,976,39
1280,775,39
414,728,39
796,480,38
2560,1330,38
1440,714,38
1279,970,38
412,827,38
1536,739,38
353,640,37
1792,1015,37
390,844,36
1440,790,36
980,1847,35
432,736,35
360,801,35
744,1061,35
412,695,35
1440,800,35
1324,731,35
360,614,35
424,779,35
750,342,35
1440,795,35
414,758,35
393,671,35
1728,966,35
388,744,35
360,712,35
423,795,35
412,723,34
393,674,34
432,816,34
384,729,34
430,748,34
1720,1252,34
400,737,34
2502,1326,34
361,710,34
360,634,34
545,1015,34
937,1015,34
1536,850,34
1916,976,34
430,735,34
360,702,34
360,603,34
414,726,34
412,842,34
1708,1059,34
375,746,34
1512,945,34
384,700,34
320,622,34
850,304,33
864,304,33
3200,1584,33
1523,895,32
907,896,32
375,682,31
1501,1261,31
390,681,31
2077,1306,31
1485,929,31
1763,929,31
320,262,31
866,264,31
1512,781,31
360,756,31
360,520,31
723,288,31
360,598,31
2011,1262,31
280,653,31
345,779,31
775,256,31
384,717,31
414,607,31
333,619,31
1830,975,31
810,1012,31
360,571,31
1157,839,31
1920,1011,31
1536,778,31
578,976,31
1686,995,31
390,657,31
2785,1720,31
1648,818,31
458,886,31
1712,1242,31
1390,760,31
712,358,31
384,796,31
592,755,31
1920,991,31
1920,926,31
802,328,31
1772,1304,31
1272,896,31
1619,970,31
393,750,31
375,783,31
341,606,31
750,1113,31
412,751,31
980,1867,31
1280,501,31
1439,790,31
2195,1221,31
1728,938,31
1454,885,31
1326,594,31
565,1064,31
412,643,31
2014,1201,31
412,796,31
568,228,31
375,666,31
3084,1381,31
1240,868,31
1551,1107,31
2336,1314,31
947,790,31
1536,749,31
1920,1012,31
1512,867,31
1714,1155,31
320,480,31
1748,1363,31
342,595,31
754,309,31
1440,2449,31
1140,369,31
2560,1333,31
486,914,31
1270,816,31
320,452,31
1366,884,31
1303,1027,31
1969,1072,31
2752,966,31
1603,1000,31
1366,663,31
2048,1040,31
1411,699,31
1536,707,31
414,624,31
1430,769,31
1420,750,31
1141,848,31
468,877,31
1370,717,31
786,956,31
1720,1323,31
485,977,31
1534,1035,31
1869,1206,31
1278,1281,31
1488,760,31
408,746,31
1566,925,31
473,900,31
1920,925,31
956,942,31
1188,933,31
547,749,31
342,639,31
2015,1184,31
2486,1328,31
1454,690,31
1418,833,31
2519,1322,31
414,723,31
1183,1336,31
412,846,31
423,752,31
360,472,31
803,332,31
1818,1069,31
981,908,31
677,325,31
750,334,31
414,731,31
2051,1120,31
1720,1361,31
461,893,31
1512,772,31
1852,838,31
1182,795,31
1281,1315,31
378,627,31
375,556,31
768,921,31
2048,1023,31
390,763,31
2129,1265,31
396,736,31
1758,1041,31
1362,718,31
860,741,31
458,783,31
450,375,31
832,345,31
260,478,31
512,959,31
786,300,31
480,756,31
360,785,31
1356,890,31
980,402,31
1914,1210,31
1440,709,31
408,773,31
1512,813,31
678,756,31
1470,816,31
2560,1280,31
378,693,31
2048,1015,31
384,671,31
768,954,31
1130,821,31
408,687,31
393,776,31
414,817,31
1677,979,31
360,464,31
1876,961,31
412,785,31
414,739,31
375,488,31
349,660,31
6969,6969,31
1680,831,31
485,906,31
2331,1152,31
277,515,31
1680,912,31
463,839,31
1323,782,31
360,605,31
2251,1249,31
2560,1250,31
2785,1020,31
412,915,31
500,1063,31
724,289,31
424,828,31
1674,1478,31
1440,756,31
375,716,31
1024,1287,31
1435,790,31
558,1274,31
1920,983,31
980,1306,31
1194,982,31
378,730,31
768,901,31
500,394,31
1280,970,31
678,741,31
1865,979,31
408,751,31
1920,935,31
802,285,31
1565,908,31
2560,1363,31
1920,934,31
375,645,31
535,735,31
1600,1057,31
1280,1330,31
485,863,31
1536,748,31
375,606,31
378,682,31
614,480,31
832,372,31
981,926,31
414,653,31
1599,1040,31
1620,899,31
2498,1299,31
1716,1231,31
1437,684,31
1804,1462,31
960,944,31
1858,1115,31
574,681,31
1080,1759,31
1536,687,31
1706,1013,31
1610,967,31
750,390,31
1064,538,31
744,1010,31
1403,781,31
1508,1048,31
617,1224,31
360,793,31
1213,970,31
834,1009,31
504,880,31
486,956,31
320,519,31
1547,1248,31
1580,933,31
2530,2020,31
1440,706,31
763,304,30
697,247,29
1322,402,29
414,722,29
5118,1297,28
412,722,28
412,724,28
414,803,28
393,634,28
408,740,28
375,667,27
414,698,25
3000,4452,25
412,777,25
2140,1319,25
667,331,25
1280,569,25
424,826,25
1440,733,25
393,743,25
320,456,25
3440,1311,25
384,750,25
2560,1327,25
1366,952,25
360,623,25
814,386,25
1482,1259,25
360,744,25
1800,1014,25
1470,834,24
2502,806,23
744,1065,23
1920,948,23
424,797,22
1817,976,21
1315,1228,21
509,917,21
442,873,21
463,863,21
360,730,21
1792,933,21
412,737,21
414,713,21
1235,1031,21
1920,936,21
1728,871,21
412,798,21
2188,1309,21
960,546,20
1710,956,20
490,956,20
1440,1024,20
390,675,20
412,779,20
1811,1017,20
320,448,20
375,551,20
412,736,20
360,663,20
480,480,20
360,616,20
486,829,20
1920,888,20
393,787,20
412,626,20
3305,1355,20
396,743,20
384,724,20
866,304,19
360,664,19
390,659,19
1390,912,19
1920,912,19
360,729,19
384,728,19
301,342,18
408,790,18
414,617,18
500,910,17
2240,1181,17
393,766,17
3840,2056,17
2135,1330,17
1366,926,17
2560,1306,17
1592,869,17
1680,946,17
393,788,17
412,787,17
2047,1040,17
1408,764,17
6969,4242,17
2897,1345,17
1280,643,17
412,811,17
2319,1310,17
349,652,17
2524,1225,17
1200,1808,17
527,428,17
1274,924,17
376,660,17
672,336,17
1613,847,17
1491,830,17
520,833,17
430,526,17
768,908,17
1775,1109,17
1868,842,17
407,772,17
441,740,17
1536,747,17
1210,1004,17
375,683,17
349,656,17
1920,979,17
747,1068,17
349,630,17
738,313,17
1326,690,17
393,713,17
1920,981,17
1024,768,17
412,681,17
1920,945,17
1280,721,17
1792,952,17
1920,1194,17
3840,1500,17
731,758,17
712,302,17
3072,1610,17
1536,1433,17
1713,1291,17
2084,1498,17
412,792,17
1602,906,17
1717,1304,17
271,494,17
1394,742,17
408,768,17
1920,887,17
1663,1065,17
1470,847,17
3008,1588,17
408,759,17
1010,913,17
947,774,17
1395,1304,17
1968,1084,17
1400,727,17
1680,854,17
2548,1319,17
430,614,17
2505,1255,17
1916,962,17
743,474,17
1492,1016,17
475,843,17
813,855,17
390,782,17
812,375,17
1590,1678,17
1880,939,17
358,709,17
1265,1000,17
1824,975,17
1679,1045,17
432,860,17
1078,854,17
1170,855,17
1920,1067,17
393,616,17
3440,1367,17
1171,1055,17
1680,971,17
983,882,17
1305,771,17
648,1261,17
2239,1083,17
342,580,17
465,875,17
1904,951,17
360,800,17
384,783,17
2468,1828,17
1280,690,17
833,1584,17
412,799,17
375,623,17
1280,649,17
1920,920,17
1072,735,17
899,850,17
1702,1024,17
1421,1314,17
2048,1136,17
432,780,17
1440,837,17
969,747,17
414,812,17
1917,944,17
980,1774,17
384,731,17
1404,698,17
468,829,17
431,800,17
1024,698,17
1320,923,17
360,653,17
1887,1160,17
1680,950,17
1707,827,17
980,1800,17
1682,1035,17
2335,979,17
2453,1251,17
1100,1155,17
1163,690,17
1306,627,17
486,917,17
520,1064,17
396,790,17
1512,650,17
1024,1290,17
2137,1204,17
412,702,17
375,711,17
390,644,17
388,726,17
980,1663,17
1600,1212,17
1807,1005,17
1512,810,17
1112,719,17
1636,944,17
1836,935,17
384,683,17
1434,794,17
1514,1266,17
1440,890,17
2560,1361,17
384,748,17
1416,855,17
1747,-2000,17
1608,1005,17
414,620,17
3119,1297,17
1969,1323,17
414,762,17
1298,644,17
1027,921,17
1708,1083,17
412,708,17
486,996,17
1264,732,17
756,865,17
2560,2017,17
1636,863,17
1103,780,17
1366,643,17
375,657,17
1487,1012,17
1580,981,17
393,646,17
2039,1290,17
1728,1001,17
904,336,17
1482,842,17
473,871,17
1920,943,17
1920,950,17
1429,769,17
390,667,17
408,791,17
353,638,17
842,899,17
1458,1100,17
1420,777,17
384,756,17
378,745,17
558,1042,17
1850,1051,17
667,327,17
1060,1064,17
384,733,17
1626,926,17
396,663,17
1634,1035,17
1192,587,17
432,849,17
1920,875,17
2048,1331,17
1678,959,17
412,835,17
1680,1215,17
486,890,17
1698,899,17
1446,1363,17
1264,573,17
2345,1289,17
834,1037,17
1280,662,17
500,768,17
393,695,17
393,764,17
2172,1277,17
1025,1068,17
1222,970,17
2560,1211,17
2556,1471,17
572,1113,17
744,1031,17
400,721,17
1910,939,17
396,725,17
1755,867,17
360,611,17
412,716,17
2240,1157,17
672,280,17
743,928,17
393,784,17
1184,880,17
2326,1185,17
1133,885,17
1536,703,17
1536,760,17
480,909,17
1024,632,17
428,744,17
832,292,16
992,373,16
574,233,16
717,273,16
3424,1286,16
1680,973,16
3360,1688,16
375,710,16
360,703,16
1720,1302,16
1440,764,16
1710,503,15
720,245,15
678,259,15
3440,1242,15
851,302,15
3440,1226,15
810,977,15
2560,1301,13
1512,859,12
1885,920,12
2560,1229,12
396,701,12
360,686,12
1536,754,12
1728,972,12
378,718,12
428,816,12
1920,1062,12
1728,999,12
1439,820,12
1148,880,12
1366,657,12
1120,663,12
1536,817,12
412,344,12
1920,1001,12
750,304,12
1728,885,12
375,693,12
412,747,12
360,696,12
384,782,12
360,760,11
753,265,11
412,791,11
430,743,11
3838,2043,11
1440,803,11
375,658,11
412,726,11
750,1270,11
360,708,11
360,710,11
1536,799,11
667,323,11
360,661,11
1180,741,11
1440,691,11
341,627,11
320,454,9
800,983,8
1540,759,8
2048,1019,8
691,654,8
695,714,8
1609,1185,8
1235,612,8
2525,1345,8
1024,1259,8
782,770,8
1935,1057,8
1872,1057,8
1920,1005,8
1792,992,8
1443,873,8
1163,890,8
1494,819,8
1377,1304,8
418,930,8
2560,1315,8
980,1581,8
349,653,8
1406,1173,8
1440,697,8
1280,1068,8
3440,1304,8
1953,1131,8
1536,763,8
1731,1336,8
1512,792,8
1565,923,8
1440,1000,8
360,604,8
1728,995,8
1414,812,8
412,730,8
898,308,8
2135,1291,8
1518,1125,8
1280,695,8
1052,911,8
2004,1388,8
412,666,8
1024,1298,8
1193,679,8
1550,902,8
376,708,8
390,606,8
2157,1421,8
2560,1252,8
1176,896,8
414,751,8
1000,377,8
1512,871,8
1787,1064,8
350,274,8
668,763,8
1762,1686,8
1280,1336,8
432,840,8
1846,948,8
432,815,8
2849,1686,8
360,636,8
412,772,8
1361,992,8
375,642,8
1512,1157,8
1877,1027,8
1792,1016,8
1504,1546,8
1024,665,8
2407,1651,8
1864,968,8
1280,1233,8
1301,791,8
1664,2074,8
1676,935,8
1024,452,8
1389,902,8
3392,1361,8
1279,1267,8
384,670,8
412,922,8
1885,1434,8
2016,1251,8
1800,1046,8
1721,1828,8
1262,1018,8
2560,1279,8
1189,1249,8
1105,472,8
1317,668,8
1523,1395,8
408,803,8
750,303,8
970,802,8
506,1274,8
1224,2257,8
1562,1012,8
320,719,8
952,968,8
1080,708,8
1488,945,8
412,738,8
1865,929,8
1741,1115,8
236,480,8
667,356,8
393,712,8
2260,963,8
500,914,8
1449,912,8
1036,989,8
664,1064,8
598,280,8
1245,862,8
428,820,8
377,709,8
2048,1009,8
1600,815,8
1239,999,8
744,1006,8
1168,861,8
2056,1087,8
1133,672,8
378,739,8
1368,959,8
1448,931,8
424,424,8
1331,806,8
360,719,8
1240,941,8
1366,669,8
412,530,8
1260,739,8
2531,1790,8
1800,937,8
1200,734,8
360,607,8
958,1031,8
1878,971,8
1913,971,8
1024,1268,8
412,788,8
2324,1211,8
396,741,8
928,441,8
408,805,8
438,773,8
834,1084,8
1024,625,8
1910,960,8
1496,815,8
1188,915,8
2031,1246,8
320,464,8
748,676,8
1533,900,8
585,678,8
412,727,8
1728,910,8
1131,1000,8
2479,1207,8
375,535,8
2797,1291,8
822,959,8
1512,812,8
1157,855,8
1469,869,8
343,674,8
809,332,8
490,1040,8
1680,875,8
479,903,8
1080,1229,8
1391,859,8
393,803,8
375,912,8
2056,1142,8
712,1161,8
1405,728,8
1146,976,8
1138,1055,8
1708,986,8
376,602,8
2006,1582,8
811,598,8
393,729,8
375,646,8
1280,577,8
412,805,8
1707,1496,8
320,300,8
864,882,8
500,1336,8
414,861,8
629,1064,8
2540,1395,8
393,759,8
1920,1009,8
500,300,8
674,664,8
1830,1416,8
1513,841,8
1738,1354,8
795,741,8
1457,695,8
1613,849,8
1440,788,8
768,956,8
1440,1005,8
500,709,8
744,1054,8
2467,1327,8
412,858,8
1274,925,8
1922,929,8
1728,821,8
734,337,8
1728,1027,8
414,863,8
393,682,8
2560,955,8
450,821,8
1491,896,8
1140,758,8
1512,795,8
722,480,8
1644,1054,8
320,720,8
1512,816,8
1920,1454,8
1420,806,8
384,762,8
2906,1331,8
1747,852,8
2176,1064,8
1250,963,8
1290,1229,8
1791,1916,8
349,635,8
3360,1786,8
432,744,8
1710,963,8
1368,935,8
500,677,8
1360,624,8
390,624,8
1431,847,8
5080,2020,8
1280,828,8
1850,1213,8
412,709,8
1043,587,8
1440,712,8
5130,2889,8
717,465,8
1435,910,8
2548,1332,8
462,783,8
1129,1336,8
1280,1333,8
1440,696,8
393,783,8
272,409,8
384,743,8
412,712,8
1280,667,8
1435,1094,8
1680,1754,8
1536,810,8
388,677,8
1918,967,8
428,738,8
360,659,8
396,659,8
384,702,8
830,319,7
714,276,7
412,832,7
412,759,7
390,640,7
1728,964,7
427,770,7
1536,722,7
863,304,7
808,331,7
408,774,7
414,815,7
1547,1069,7
820,1073,7
1234,741,7
786,304,6
3200,1212,6
1492,254,6
3440,1222,6
800,267,6
980,1749,6
388,722,6
358,681,6
2560,1325,6
1024,1292,6
3072,1647,6
326,552,6
384,708,5
414,765,5
1680,945,4
1504,1499,4
1344,1001,4
1216,1058,4
1389,863,4
1800,1022,4
1440,681,4
1920,982,4
1006,668,4
393,760,4
724,319,4
2276,1584,4
1232,1336,4
1512,935,4
412,900,4
718,503,4
352,627,4
960,968,4
1212,823,4
920,988,4
412,824,4
414,792,4
820,1180,4
3840,1481,4
756,312,4
910,1335,4
1282,787,4
1200,1045,4
1896,1155,4
678,926,4
390,701,4
485,849,4
1557,941,4
1471,1060,4
2155,1122,4
412,665,4
1792,922,4
2548,1289,4
412,714,4
1482,714,4
1205,617,4
1034,690,4
1918,920,4
360,656,4
1877,941,4
877,1235,4
1080,1818,4
1652,916,4
339,622,4
2304,1159,4
647,940,4
1112,766,4
384,704,4
1429,986,4
430,480,4
414,794,4
980,1550,4
872,344,4
1168,868,4
390,658,4
1728,1070,4
400,744,4
522,847,4
1796,1250,4
375,714,4
1280,3000,4
320,524,4
1080,1816,4
1512,838,4
1280,920,4
1504,1592,4
1846,1067,4
3011,1234,4
1180,700,4
797,354,4
673,796,4
458,901,4
3456,1928,4
358,686,4
1504,1582,4
1144,587,4
360,693,4
844,342,4
450,284,4
1326,915,4
1151,1031,4
1248,746,4
2048,1305,4
611,1014,4
1370,1200,4
402,756,4
2144,1057,4
1512,787,4
1280,887,4
322,775,4
834,997,4
1432,886,4
358,649,4
375,589,4
1300,948,4
432,786,4
3840,1502,4
384,753,4
607,276,4
1146,681,4
3008,1571,4
1187,595,4
374,701,4
1376,1308,4
375,675,4
1482,840,4
423,724,4
800,450,4
832,380,4
1080,1765,4
1900,1035,4
378,744,4
1238,855,4
1291,922,4
1165,671,4
1604,1012,4
2560,937,4
1902,953,4
1513,1180,4
2476,1377,4
450,721,4
1680,857,4
2560,1355,4
1135,823,4
1850,1370,4
384,739,4
718,850,4
1470,782,4
1862,995,4
2611,1263,4
376,687,4
1817,961,4
685,1064,4
1764,1232,4
1728,942,4
375,739,4
1470,808,4
1234,832,4
1239,712,4
2402,1201,4
2000,1566,4
1270,915,4
1024,504,4
1347,1161,4
1280,641,4
412,794,4
1486,702,4
1280,589,4
980,1790,4
1920,949,4
455,681,4
2415,1780,4
795,700,4
843,791,4
1885,908,4
1483,1156,4
1236,1224,4
1347,1067,4
1332,805,4
1864,1391,4
501,970,4
1398,791,4
3491,1822,4
1270,942,4
1728,991,4
1718,1279,4
1440,678,4
1050,1045,4
1007,910,4
349,684,4
822,816,4
1534,935,4
1565,1122,4
863,942,4
412,612,4
616,1068,4
1440,2457,4
360,698,4
980,1949,4
2514,1310,4
1792,953,4
1920,873,4
412,828,4
1470,793,4
736,362,4
414,724,4
3440,1289,4
1292,911,4
834,1006,4
1567,931,4
1707,1229,4
1366,684,4
1426,923,4
358,698,4
390,646,4
1366,607,4
3840,1984,4
414,710,4
504,924,4
430,737,4
2400,1300,4
1501,828,4
500,194,4
562,607,4
1471,879,4
1024,735,4
1418,843,4
980,1733,4
1463,755,4
2326,1420,4
360,705,4
360,692,4
980,1835,4
412,725,4
1440,823,4
980,1860,4
1058,869,4
607,268,4
1366,615,4
1442,1005,4
980,1838,4
418,872,4
883,679,4
1263,968,4
2055,1199,4
3008,1546,4
1800,1073,4
1145,689,4
1727,895,4
1512,783,4
2560,1267,4
1920,932,4
1282,603,4
1411,806,4
1370,728,4
5120,2021,4
378,733,4
1792,1020,4
970,851,4
393,744,4
1080,1807,4
2297,902,4
424,793,4
1700,1395,4
375,613,4
1120,823,4
1440,738,4
803,328,4
2867,1069,4
1920,1047,4
1152,536,4
1654,772,4
768,949,4
686,480,4
1920,940,4
1670,652,4
504,1056,4
1251,1336,4
320,523,4
320,298,4
1669,994,4
225,352,4
384,696,4
932,361,3
3200,890,3
1920,1040,3
2048,1012,3
393,739,3
500,264,3
1156,970,3
1720,1239,3
540,720,3
320,734,3
1294,950,3
1536,755,3
414,740,3
1307,924,3
1440,762,3
393,708,3
2342,1187,3
2046,1262,3
1366,638,3
1200,888,3
384,761,3
450,770,3
1207,970,3
1910,1286,3
393,685,3
1496,746,3
2285,1145,3
1080,1795,3
1504,796,3
1920,993,3
983,883,3
432,812,3
1712,1273,3
2490,1328,3
414,716,3
1619,920,3
384,682,3
375,696,3
997,569,3
408,718,3
1024,1202,3
2145,1255,3
1462,1262,3
349,657,3
1330,910,3
3798,2051,3
1180,663,3
1488,1002,3
1651,1502,3
1431,766,3
1440,752,3
432,814,3
1993,1109,3
480,913,3
1588,922,3
2056,1207,3
1920,971,3
1205,666,3
1278,946,3
1192,970,3
450,795,3
450,755,3
1366,942,3
1866,968,3
1280,625,3
709,964,3
412,804,3
412,775,3
480,818,3
831,332,3
360,552,3
2159,1248,3
1040,978,3
418,904,3
1263,671,3
1536,750,3
1817,975,3
1430,965,3
414,809,3
414,773,3
428,730,3
1502,855,3
396,744,3
2046,1233,3
2560,1329,3
1434,1071,3
2056,1118,3
2154,1336,3
412,814,3
935,970,3
1102,1480,3
3440,1338,3
1328,691,3
450,672,3
3106,1312,3
320,281,3
1296,671,3
1711,1000,3
6016,3142,3
800,600,3
377,699,3
414,707,3
349,758,3
1488,902,3
1848,980,3
1462,796,3
1280,607,3
414,738,3
360,669,3
1792,984,3
430,857,3
326,480,3
1352,732,3
1541,801,3
667,325,3
360,628,3
1454,1277,3
486,902,3
1414,914,3
520,279,3
384,721,3
317,577,3
1850,909,3
1419,1091,3
940,793,3
3440,1323,3
412,700,3
414,622,3
1680,918,3
1920,867,3
379,741,3
2233,1153,3
432,799,3
1137,867,3
1885,1021,3
1339,920,3
314,589,3
378,777,3
378,741,3
450,923,3
320,444,3
360,677,3
1366,667,3
1024,694,3
1008,770,3
1133,637,3
396,794,3
360,675,3
412,831,3
639,1268,3
432,794,3
1569,975,3
1680,970,3
360,671,3
2560,1337,3
980,1659,3
1481,893,3
418,480,3
1717,1064,3
393,721,3
378,729,3
486,947,3
1646,918,3
1008,791,3
360,556,3
1055,979,3
844,950,3
458,864,3
1482,810,3
948,937,3
1029,913,3
324,588,3
1720,1300,3
886,681,3
376,697,3
1394,860,3
615,913,3
353,696,3
1846,968,3
1862,968,3
1621,934,3
864,910,3
1742,1057,3
1366,917,3
1136,660,3
408,353,3
565,758,3
1910,1064,3
1436,1132,3
1400,663,3
300,508,3
1680,975,3
1440,824,3
817,326,3
358,669,3
1440,742,3
515,949,3
400,582,3
414,730,3
1800,1040,3
378,667,3
1512,796,3
763,581,3
666,953,3
1244,1057,3
412,812,3
432,848,3
1555,843,3
1024,663,3
980,1662,3
1512,757,3
1412,479,3
414,771,3
375,757,3
1716,854,3
414,768,3
360,630,3
384,709,3
1071,1189,3
2785,1114,3
2560,1326,3
1675,1556,3
592,696,3
1273,1323,3
424,825,3
1040,699,3
1454,834,3
1517,1234,3
1670,1352,3
1696,970,3
1508,779,3
1524,890,3
396,353,3
150,125,3
1362,738,3
795,677,3
1411,1235,3
357,669,3
585,741,3
1780,971,3
3072,1595,3
1180,738,3
2131,1134,3
393,620,3
486,940,3
360,493,3
1160,629,3
414,841,3
800,358,3
491,843,3
1556,1043,3
375,702,3
667,296,3
400,698,3
2048,1014,3
1920,1088,3
360,631,3
1600,890,3
1511,772,3
1440,707,3
384,766,3
424,631,3
360,606,3
2240,1149,3
320,446,3
2016,1160,3
1200,150,3
3005,1155,2
1440,454,1
2560,961,1
3360,1846,1
1452,905,1
2155,2059,1
1283,762,1
2190,1107,1
1600,757,1
414,691,1
1280,628,1
375,492,1
393,704,1
700,993,1
800,361,1
1286,1062,1
2336,1125,1
1457,899,1
1670,915,1
1456,779,1
375,553,1
1278,967,1
1400,783,1
820,1101,1
1470,806,1
375,540,1
1512,779,1
345,746,1
314,614,1
1233,734,1
432,764,1
309,547,1
1612,1048,1
422,815,1
375,620,1