x1,x2,x3,x4,x5,x6
-0.9299618347323576,0.14393897829435073,-0.8528751092480225,0.0262354760076426,-0.4403823687131868,-1.1481445017276737
-0.7147634405605308,-5.898488235861469,0.4075874710011771,-1.1190000853694528,-0.6404727833951449,-0.9630852606271665
0.15178801121626495,0.2134890926136926,-0.7884114497817426,0.0262354760076426,-0.5752315582445874,-1.2100447900717948
1.9493244493114024,0.31992606090509074,0.6676100174071085,1.7440888180732856,-0.7482127187370117,-1.335796193494226
-0.4421114673118846,-1.4998725404721724,0.09814018339243386,-0.5463823046809051,0.39639020506083716,-0.7580725869033913
0.6196032674525754,0.8641900825974397,-1.0377364510802571,0.0262354760076426,0.2204677752403535,-1.3834168857797773
0.8207410789892177,-1.7519482961492503,-0.3116289909122007,0.0262354760076426,-0.0877408558224933,-0.8505690788708627
0.059867366007682034,-0.8958191640362914,2.051876433840262,-0.5463823046809051,-0.641345394854182,-0.7263664756774291
0.659931196421522,0.8610709337098978,-0.14365850096683885,-0.5463823046809051,-0.1401179283843423,-0.6094906578013777
-1.0058338473633235,0.04036369348638295,1.1394159271904873,1.171471037384738,-0.5911306273764723,-0.4074368035732282
0.39817543596766997,-0.6713121973768076,0.4270618563784632,-0.5463823046809051,-0.3396861237545677,-0.6480211435280886
-0.2145824445295841,-0.10964031310972087,-0.08952896949362289,-0.5463823046809051,0.6225186665366589,-1.0145466597103916
-0.9114226848256546,-0.13330233644148382,0.22705963409750188,0.0262354760076426,-0.2906031251774952,-1.7258276312050238
1.0952716557311364,0.6291133001016537,-0.08103908005548315,0.0262354760076426,-0.5851324970616193,-0.9162186330961192
-0.8283124114756586,0.6685259949920435,0.14808105876477695,-0.5463823046809051,-0.3287674224579182,-1.259315769123431
0.5890595886841907,1.0534844680993267,-1.175194511205636,1.171471037384738,-0.6059660285728301,-1.1129587310826539
1.398113262291913,0.6459130796459518,0.633497573815373,-1.1190000853694528,-0.7845576790970805,-1.1245221818850284
-0.6243262263118933,0.696061663275301,0.6048422347660045,0.5988532566961903,-0.49319698213336033,-0.7410753164982405
-0.9518211288542434,0.31233976834485677,-0.6356917999127057,-1.1190000853694528,-0.5923710051619819,-0.6982010649511672
-0.03221206264148728,0.3550476863294256,0.5544196830261062,-1.1190000853694528,0.7299675533184616,-1.1821914246922354
-0.48124318277714956,1.0430975198463885,-1.1128884637915428,-0.5463823046809051,-0.6712172969248683,-1.0002941965320649
-0.7385612125703144,0.59283587015518735,-0.5884437912187112,1.171471037384738,0.31489021079480983,-1.3620260841177465
0.5932270186703356,-0.7856835148116176,0.2582412405042347,0.5988532566961903,-0.6016120945682408,-0.6286880881216081
2.12704784371401,0.7821997933036384,-0.4197488748759841,-0.5463823046809051,-0.6055258835206799,-1.0726372619870035
0.23028168314457956,0.7957283004555864,-1.1909230828647084,0.5988532566961903,1.1213954071299301,-0.980701995217512
-0.478030586598973,-0.48490598240233623,-0.8377434479497209,0.5988532566961903,-0.16642122646272975,-0.9183386632152667
-0.7252345021870384,0.5918509645086566,-0.4562301513627721,2.889324379450381,-0.47471251358806926,-0.6410044581422367
-0.9030735575432642,0.7655829346298686,-0.13251281819486585,0.5988532566961903,2.3074476232571124,-1.1713482938299886
-0.7026798055228497,-0.3650526767078064,-0.7613040548166722,-1.6916178660580004,0.6002774403666278,-1.3171999969167485
-0.3783234835746549,-3.0524885036882443,-0.7729613170118528,-0.5463823046809051,-0.5555786894982417,-0.6050726331545638
-0.1743864214456158,-0.3529822179277673,2.1393348523362166,0.5988532566961903,0.15765730463296024,-1.2859341784873537
0.6586694499885617,0.7589640660186819,-0.0650032136645108,0.0262354760076426,0.413626582563456,-1.1245141881688934
-0.5312243109901642,4.6849535850375607e-4,-0.8160014480595775,-0.5463823046809051,0.39185646673505276,-1.2086017705235939
0.39824686999474707,0.1636413542113048,-0.3627063420090203,0.5988532566961903,0.4287880576077698,-0.6376651259032372
-0.5477864396702264,-3.3745529100186307,-0.27266176350690874,-0.5463823046809051,-0.6819745775612084,-1.1528817826471718
-0.328555482283243,0.8747917846905273,0.8339890705228732,-0.5463823046809051,0.4401817477727482,-0.991318906688618
0.07052657890746576,0.6837825345877065,0.5806550770555708,-1.1190000853694528,0.23199187702912344,-1.0270994593203382
-0.7265833681431675,0.8153815307440507,0.01744294938894608,1.171471037384738,-0.4849359913363973,-1.5501089503003038
-0.1876539105031736,-0.776029670966236,-0.4014837814800079,-1.1190000853694528,-0.47246095494288426,-1.0744159858178917
-0.5744376730016674,0.7471838717336808,2.016750274048173,0.5988532566961903,-0.6240361073644684,-1.029588087706012
-0.9112464962146937,0.776599791174186,1.9629840032501646,-1.1190000853694528,-0.2576304122302325,-0.7059642091241748
2.0776662565263995,-0.032698582328238815,0.11345510601069463,2.889324379450381,0.17844262189085666,-1.2739058619972379
-0.714086641356275,0.21322325915698065,-1.091906936232868,0.0262354760076426,2.5300221145360826,-0.7158699118827784
2.3886206081535364,0.6767285285068079,-1.3079992138406253,1.171471037384738,0.21015098434379312,-1.1747073048547332
0.7784958417796352,0.6314380898131006,-0.2851629483566607,-0.5463823046809051,0.22255650963516138,-0.5476777599511607
2.3237756816529407,-0.736807940791633,-0.9187328967747255,-1.1190000853694528,3.3578365556484604,-0.6936546202154651
-0.24349339521424218,-0.42517821540468775,-1.182633366535557,0.0262354760076426,-0.3195310461809653,-0.6713217687796614
1.932886785120163,-1.4076801033844484,-0.6720732179664192,1.171471037384738,-0.37623805411889344,-0.421873243855239
-0.5642820414381122,-0.19032695314560005,3.5048761974930316,-1.1190000853694528,-0.39512227210182854,-0.27367735941457216
-0.8394959680609142,0.01367899006208057,-1.1709368742461854,2.3167065987618334,-0.09622255616832354,-0.5413844723528366
0.6054707819870256,-1.862656422391759,0.039473517164634514,0.0262354760076426,-0.5094637883418348,-0.6165431386519499
-0.5725496839250171,0.9779786299820218,-0.01430999255485169,-1.1190000853694528,1.7915944112022926,-0.8435208911447291
0.7621427215255002,-5.101146377265158,1.0151951186266737,-0.5463823046809051,-0.051044402277256075,-1.0495767123248234
-0.5091286848249654,0.6351107780673751,-0.7224576075303829,-0.5463823046809051,0.7515256943578296,-0.38701336283962134
-0.14443333008497705,-0.9792850676847454,-0.5354571865715991,1.171471037384738,0.5174887832851869,-0.7941850861196358
0.08958770432367676,0.5587485951510521,0.17212661043117172,-0.5463823046809051,1.9462506727502606,-0.9489589669721542
1.0160740945886588,-0.3574458421948589,-0.17140129570080767,1.171471037384738,3.0242661175715995,-0.8818927246854955
-0.7488149418497286,-0.9387219150413398,0.47409368093845117,1.171471037384738,0.1780030256681838,-0.7848793528412087
-0.07231391388642183,0.7799416901736327,0.29666021721078784,1.171471037384738,-0.36650142576728695,-1.032694715586862
-0.23305471011124715,0.7569946398233387,-0.1516246490754244,-1.1190000853694528,0.9561055367799458,-0.9101378449831963
1.4733457480757228,0.9709627782253153,-0.7466057664578957,-1.1190000853694528,-0.5146847777121558,-1.224708263614185
-0.7216251866915194,0.0805605587584126,-0.7200635131232231,0.0262354760076426,-0.6796427477304111,-0.9327097218053257
-0.06695510790535152,0.5980010841966726,2.0743870992588427,-1.1190000853694528,0.23688049974859415,-1.0295967969122306
-0.5033563333051867,0.5081360473280359,-1.1529233555896545,0.5988532566961903,-0.5774043600278225,-0.6699606418869107
-0.8864637723113445,0.7859738076611371,-0.8641280679269315,0.0262354760076426,1.7582210261771374,-0.6650357133724109
0.2901694273543771,0.20945908192274323,-0.8650435504084745,0.5988532566961903,-0.7607190636974026,-1.0624946772307646
-0.22353981634497183,-0.587219392449145,0.9151689317863563,0.0262354760076426,0.15845000813751045,-0.3528366532240791
0.6429501546728312,-0.8061400773392942,2.1700421915395016,-1.1190000853694528,-0.5874189619894159,-0.2722545327151474
-0.7697569715138268,0.7753247699772299,-0.7289791740821308,0.0262354760076426,0.21736107973747165,-0.8779829702243449
-0.5568881324454206,1.0098540080183165,-0.5205603536293121,-0.5463823046809051,-0.7394781247093712,-0.8327195188738717
-0.340125383495678,0.4475672584385895,-0.06477834394492801,0.5988532566961903,-0.7363295637964893,-1.011152248376397
-0.9777286569382858,0.5677776000414658,-0.364997286293142,1.171471037384738,-0.06491028979752177,-1.4224931330629864
0.8654209382561703,0.11475936540264492,0.5633324354092454,-1.1190000853694528,-0.8353729052366492,-1.314419859749509
-0.9227711054448464,0.4448390016375914,0.11269611506352893,0.5988532566961903,-0.7693454152521788,-1.0742559961136562
-0.7256986132573658,-0.702090874653736,-0.24121463050129469,-0.5463823046809051,-0.16533339848887038,-1.3001671753483974
0.9544337460362354,0.37732250062722567,0.5555249345556937,-0.5463823046809051,-0.5403016212576294,-1.1966491067485792
3.4065259144704743,0.5369843387014077,-0.5996725995905701,-1.1190000853694528,-0.39887580999260736,-0.6980941391817117
-0.4268860593630845,0.9407057719326,-0.7175159531460343,0.0262354760076426,-0.19955101920320467,-0.39942332646357853
-0.8624201225872535,0.7906921861237365,-0.5375878481399299,0.0262354760076426,-0.6862847300512477,-1.2951701517037792
0.4359548397988706,0.8615920283526642,-0.7283288041672721,-0.5463823046809051,-0.7453978189273924,-0.45176459200347785
0.19342752592866552,0.3535152152212887,0.9574623184557509,-1.1190000853694528,0.2633312841919431,-0.8166427417855473
0.14470949999644037,0.6957467675585219,-0.5001117908006489,-1.1190000853694528,-0.3322685200675769,-0.9072909373485207
-0.009042024728258,-0.07195690876907558,1.4184000999094648,1.7440888180732856,-0.6621522336026956,-0.8638039829211931
-0.6737575131771957,0.8323443909067578,3.211288185124065,-0.5463823046809051,3.2253963464784112,-1.1073193219811541
1.651393395807993,0.8141136092856343,-0.5212302396901748,1.7440888180732856,-0.7898829149441708,-0.9970801285334964
0.7155685966874558,0.9175801643075673,-0.4240230825936073,1.171471037384738,-0.201348734575127,-0.7384412760063042
-0.05380535189456574,0.2070070179895713,-0.9675076119927821,0.0262354760076426,1.1286325445212606,-1.0056765366111207
0.07023664951874695,-0.7305632887849135,0.97301468917253775,0.5988532566961903,-0.3613243568589986,-1.23376797741174
-0.0011315742935666024,0.3961812504306815,-1.11486510280295,1.171471037384738,-0.47033897665143803,-0.7426184539851909
0.8268276227775555,-0.6500452417034462,-0.23943766148521975,0.0262354760076426,-0.8349825851965598,-1.517446188351545
2.937156562218746,-1.4260669804551072,0.656579726355996,0.0262354760076426,-0.30190653832633424,-0.3692644432305042
-0.3777395365793404,0.9301209152238099,1.3813934335029523,1.171471037384738,-0.3629778855365569,-1.053268669580718
-0.14488543666152076,-0.3820926671633181,-0.3427313050662963,0.0262354760076426,0.016872273514525027,-0.40810738108433575
2.2632569382071765,0.9223965179413102,0.7639934123143798,0.5988532566961903,-0.6475856854101996,-1.1758030640290116
-0.6300481062463976,1.0565807787632522,2.001074598829154,0.5988532566961903,-0.7774110947540207,-0.8883436931280895
0.05974416885934375,-1.3661754639273036,-0.014824077215171877,0.5988532566961903,-0.41549232777135087,-0.9457931385341525
-0.1338229075042633,-1.5088974452483805,-0.7090408842827222,0.5988532566961903,-0.009312050655753025,-0.6137531097833523
-0.8727047096001723,-0.4318015525459866,0.49994948720906357,-1.1190000853694528,-0.6121634879594069,-1.110659039835645
0.04133257858357579,0.7712146037545544,0.4269134452845939,-0.5463823046809051,-0.5318650301697153,-0.949329399860648
-0.38758655565149175,0.8369331472077614,-0.6198736348027403,0.0262354760076426,0.5965036266337411,-0.5947980063701287
0.7452675907183361,-0.4639705564658775,-0.6664121685434028,1.171471037384738,0.42158211021471464,-0.41830951035502006
0.5374868242265242,-3.006801518007571,-0.6438468296127433,-0.5463823046809051,-0.27187345069292085,-0.5872701118465834
-0.487853219674992,0.05305873528148452,0.7540502596185148,-1.1190000853694528,0.2985342299610419,-0.801341250515339
-0.36703972500607585,0.4854293646648923,-1.1779874919949354,2.3167065987618334,-0.06177247630870288,-0.7411348979676475
-0.368971888664991,0.5123129449631069,-1.0149522465727054,0.0262354760076426,1.5778684376064744,-0.9175834383579516
-0.7221553030599708,1.024658870705653,-0.6478770321504868,0.0262354760076426,0.8215463900428921,-0.5645973967165385
-0.04912832776526383,0.322940847261613,-1.121649720371804,-1.1190000853694528,-0.8106029990043288,-0.7597714197585151
-0.8039832980802583,-1.0492822078596644,0.8862359408323561,0.0262354760076426,4.992844131064008,-1.30336521045231
-0.13665294630330682,-1.1506570534713527,-0.3857280250466709,0.0262354760076426,-0.3568516820284605,-1.3030129048241648
-0.9173657361949693,0.6236225792729032,0.2887570470727748,-0.5463823046809051,0.4464305452993795,-0.6391673498288768
0.10814288075496334,-2.2695751955297836,-0.6072272587096191,-1.6916178660580004,0.026576341039044153,-0.6285315131181385
0.8720407356498103,0.35333221871939813,-0.5175699770422524,-1.1190000853694528,-0.682412162725006,-0.5018961120009184
-0.8319813456383466,-1.246758229235278,-0.9570472474759643,1.7440888180732856,0.6530335375777517,-1.4299660777065242
-0.03142178898197767,0.41953363686108114,-0.027036505120965875,0.5988532566961903,0.6277421832177194,-0.8135673826223195
-0.5897959158913499,1.01238792506627,0.6290920911104606,0.5988532566961903,-0.3336737378753194,-0.5571662504640771
-0.08425214877793961,-1.5975009567433172,-1.2634739671964113,0.0262354760076426,-0.30960061052251514,-0.5605385030602614
-0.150299217187759,0.049750365417694,-0.48658445734752603,0.5988532566961903,-0.2369425960903391,-0.5190756452235893
-1.005094411825193,0.7942344132082321,-0.2829731850692661,0.0262354760076426,1.1806017638459305,-1.2626707949472589
-0.9678850587508028,0.831264986109144,0.8204814690477282,-0.5463823046809051,-0.7661186802413154,-0.8971212918868975
2.2606561934936504,0.9372839152231849,2.8671891277827055,0.0262354760076426,-0.09200556438145664,-0.9872088574876615
1.792400100793313,-1.5206300816662748,-0.07818792090077423,0.5988532566961903,-0.4797739906333125,-0.7288796721536319
-0.6043850255289699,0.5022755721726636,-1.0088268857389355,1.171471037384738,1.0597276398444098,-1.3689018868293252
3.3587856550151036,0.8224945277040432,-0.8466220646811917,-1.1190000853694528,0.672411229328045,-1.2552720849540409
-0.19703822356006578,-2.3097272273403,0.026396848284917562,-0.5463823046809051,-0.38489858311592945,-0.5783703434025796
-0.689748845044599,-2.075197687747796,1.3462036315224228,1.171471037384738,1.3717416497161525,-1.1443700097293925
-0.525674481530637,0.8323851328767835,-1.147255363621576,-1.6916178660580004,2.0497252472990275,-0.5511507714679064
0.3479666084155129,0.0704540556200076,1.5895195026922573,1.7440888180732856,-0.6855006724358788,-0.8949086740265755
2.7524779414004468,0.4365503707042081,-0.37037978387932013,0.0262354760076426,-0.7708739379060202,-0.873210902855265
-0.8389285850067153,0.12102049260342797,-0.2867670857043314,-0.5463823046809051,-0.5126611210888654,-1.0496196328777274
0.3990389917462276,0.5606362530829585,-0.8013478498080462,1.171471037384738,-0.4083182688416432,-1.2095776077813116
-0.515110263880397,0.8163676940407523,0.16163814440598534,0.5988532566961903,-0.8009675976225455,-0.6538568618165247
-0.4758147105928947,0.9921431883493317,-0.548074312431619,-1.1190000853694528,-0.2588995955275663,-0.9787594374541623
0.24251539726306381,0.7383405521386723,2.210349400663391,-0.5463823046809051,-0.48690506961656005,-0.5820985389221845
0.13293225597955663,0.7032161192643663,1.5918552914727164,-1.1190000853694528,0.29280321966313144,-0.8671711852586895
-0.9500799008339431,-1.1743321255777168,-0.857958278417817,2.3167065987618334,2.9207188291367308,-1.4570179956529496
2.1750630052479583,-0.8033484992278233,-0.7965673955079652,-0.5463823046809051,-0.8531225191194962,-0.4377154574825753
0.9158238259374223,0.36758557810739473,-0.8787272308913857,0.5988532566961903,-0.8295755008691916,-0.6010456635624974
-0.691480446255919,-0.20205414651252743,1.8850536765784296,-0.5463823046809051,1.3727742550956687,-1.0021131975670352
0.19317812254510977,0.6912887599382215,-0.33379311415236274,1.7440888180732856,0.20193479438347753,-0.8763441049520094
-0.9650140724556692,-0.41546200483251716,-0.2414467898608306,0.5988532566961903,-0.3525857556553506,-0.09771307359141622
-0.5340326546103408,0.8725657226587294,-0.38804580107116865,0.5988532566961903,-0.344012947940806,-1.3693941248182804
-0.12196770213059996,-0.0010271886846313306,-0.8004712805820278,0.5988532566961903,0.8690119749381819,-1.0037711214181355
-0.8035596316444459,0.023565274805004748,-1.1509596790308254,-1.1190000853694528,-0.4803961718060174,-0.5976331041573514
-0.6331100506863332,0.8676752494415397,-1.1755477220930002,0.5988532566961903,-0.4258375073911209,-1.0259478798760437
-0.5167168343901499,0.8966852422540366,-0.6056367800632512,0.5988532566961903,0.22891757294213783,-1.831129411548819
0.20621545049190723,0.8180254380945311,-0.33543433973612885,0.0262354760076426,1.0765218682849045,-1.0980525210911132
2.8257425603866304,0.996231437985018,-0.5827181777787036,1.7440888180732856,0.01592217377275352,-1.4323820343677374
0.27836841085298397,0.751553106358536,1.008406133001343,-0.5463823046809051,0.35921009547234983,-0.9648368855028594
-0.7937832279411723,0.1570934402675855,-0.5595053455322895,0.5988532566961903,-0.7179333070232167,-0.874904835993548
-0.45096908286017534,0.6234424685150768,-0.5382134276252365,-0.5463823046809051,-0.7808739775422079,-0.3103697955535334
-0.06295308357597514,-0.5871727010232105,0.3981510145196978,2.3167065987618334,-0.6978436929622224,-1.0204591400334473
-0.9054928162709058,0.967963815509574,1.1731597966598153,-0.5463823046809051,0.21170198715123123,-1.1634743502496052
-0.7958379268016745,0.4757018580929966,0.34481112214949466,-0.5463823046809051,2.204389982823439,-0.9345768858177517
-0.6045743465884953,0.4428151412320932,1.4202568924347367,-1.1190000853694528,0.4808460842313098,-0.9012396695254369
0.7987970336573385,-2.608177654639465,-0.5162779592869505,-1.1190000853694528,-0.793689337984397,-0.6819080253282042
0.5154441709679674,-3.8529675446461074,-0.6521978358058507,-0.5463823046809051,0.8251220275245396,-1.076776131997195
0.5685996183685552,-0.7803534119858397,-1.0537281938300749,-0.5463823046809051,0.2754765809840602,-0.6920677414388201
-0.09519080582281111,0.276679313239483,1.3975707021278196,0.5988532566961903,-0.8348588915218659,-1.2775989664022027
-0.4876356369368368,0.5439953901965693,-0.33378828100335656,-1.1190000853694528,-0.25384008646147554,-1.0886904761448464
0.35102747288299696,0.0901500635194793,-0.7612982495240967,0.0262354760076426,-0.4902007163525861,-0.9984398143734646
0.34608649986511525,-0.14709503004246546,-0.7684074990524462,-1.6916178660580004,-0.6009689111713579,-0.877616125096338
-0.29917928905063845,-1.2195878686018118,0.2710424103103441,-1.1190000853694528,-0.6511583268657345,-0.8613269576534965
1.0957951954585257,0.4596668705468196,-0.028401022698133934,-1.1190000853694528,-0.7390707265516959,-1.703991312531667
-0.2547537250957496,-1.1539561387092085,-0.6500031455772183,0.5988532566961903,0.358067824491719,-1.4737347306613713
-0.8531916851768474,0.8152948223714278,2.0341340505263146,1.7440888180732856,0.4403234406778183,-1.2210531550842612
-0.7634888648494897,0.9759346513097643,-0.6368599284144905,0.5988532566961903,0.6860249786480211,-1.387387955826996
-0.4901587073382556,0.10263867022990643,0.6877932502052816,1.171471037384738,-0.7697900339788606,-1.538469762035455
-0.6682021807034113,0.15157190921577565,0.8507993323940981,0.0262354760076426,-0.7457666232360259,-1.1796818934517417
1.7610819002968594,0.13009954318069605,-0.2024832469489521,-0.5463823046809051,-0.6929798182794789,-0.8914337901872796
-0.5750622217249303,-0.35995948485266904,-0.13991435826305415,-1.6916178660580004,-0.6511671347304877,-0.7601318768539411
-0.34357494958416324,0.6090645344743563,-0.873680983727444,-0.5463823046809051,0.7144659372494535,-0.7568208846181629
3.6411143341513466,0.5423772002227967,0.5584382097313776,0.0262354760076426,1.2195682184349272,-0.5919282438543166
5.235785932000172,-0.12494289126052131,0.09440677211959746,1.171471037384738,-0.7349957036527284,-1.307430275027449
-0.0836601743956288,0.19576047260900484,-0.7390276989901807,-1.1190000853694528,-0.11025959841876343,-1.4978815786808914
-0.653278275716672,0.8211206364148652,0.3485352391431843,0.0262354760076426,-0.7130797794282895,-0.9542140178209582
-0.9233282859176283,0.8453664662402285,0.12572920456334266,-1.6916178660580004,-0.4205575659516308,-0.7252436236651669
-0.35934056387262664,0.0653880929208709,-0.8069953107644494,0.5988532566961903,-0.6356724949579957,-1.0368735137121212
-0.3860445871302046,0.4295039581830499,2.4680552611731805,-0.5463823046809051,-0.7116032802077137,-1.234133429507539
-0.5795482632201465,0.07502633612183908,-0.13436431518527314,-1.1190000853694528,-0.2532450436473259,-1.2624113850467342
2.0699736062086873,0.7996966930493299,0.15364941209777133,-0.5463823046809051,-0.020751742629696132,-0.722121207523722
-0.10444770656616019,0.9245297304825546,-0.21004422327252326,0.5988532566961903,-0.7043143523588361,-1.0521281059486176
0.0913053771630155,0.81167893520877,-0.4854339581943192,1.171471037384738,-0.050630244945849334,-0.4497631487353567
-0.10546778440008045,-0.12001325986490344,-0.2633679091253215,0.0262354760076426,-0.6673627502642565,-0.996833872331743
0.47713022797642496,0.5370468353947908,1.095153925767401,-0.5463823046809051,-0.6697988572374876,-1.007297208426004
-0.5798108520130196,0.8376631455917926,0.8792537533062592,0.0262354760076426,-0.5967100751896384,-1.2395033263846782
-0.7865347565476809,0.42956344092780907,0.1076009337803325,-0.5463823046809051,-0.7494865623235302,-0.7239482603596475
1.4831261845553851,0.8841105272964059,0.3140886074217292,-1.1190000853694528,0.0712350362171974,-1.0707669424235315
-0.4712457462880528,0.5580801348768514,-0.9162570017860755,-1.6916178660580004,-0.5752841911350982,-1.1948112865527725
-0.7691784808797242,0.5903142318392713,-0.8342761839554709,0.5988532566961903,-0.515003152688788,-1.8891607940471853
-0.9240102249988259,-0.8923127697682284,-1.0556202159453523,-0.5463823046809051,-0.5246003987673226,-0.31037503428130425
-0.35760108557938514,0.734936984381746,-0.8828202249203306,2.3167065987618334,-0.7678719029915212,-1.0725721308634675
-0.8697812534523066,0.3652058990669843,-0.35473246651890483,-1.6916178660580004,0.45456024325038746,-0.8138477768929292
-0.9630952966798642,0.49762986865498954,-0.7730023282955802,0.0262354760076426,-0.5117548291565552,-0.8234523029095968
-0.7486618877175418,-2.123729478650863,-0.32801284082068577,-1.6916178660580004,-0.6611468924717784,-0.9183253755981824
-0.923357493304207,-0.19786226195017576,0.1627996237895045,2.3167065987618334,-0.16304489900115066,-0.5524151748675528
-0.2227007785475426,0.7404244072250152,-0.34373082110648673,0.0262354760076426,-0.04948530942211509,-1.1677095630034093
-0.9437759851280991,-1.6474719814220886,-0.4192588394586396,-0.5463823046809051,-0.6811639732691961,-0.9377844322449632
-0.8953188279247354,0.5293641464765217,-0.1071366166676156,-1.1190000853694528,0.6972234769600635,-1.1218396330454086
-0.575712886145658,-0.09675678552767182,-0.8684707608988974,1.7440888180732856,-0.1879787824249659,-0.8425767022010701
-0.5499722429955803,-1.3652522539782819,0.9465759626379566,0.0262354760076426,-0.13896696901208225,-0.8929712762567564
-0.2857642072777585,0.7133640951185964,-0.509688709034789,0.5988532566961903,-0.5458732058766708,-0.7869602091323629
0.44185643044795264,0.8010555531313612,0.6477811875804576,0.5988532566961903,0.039715580675670846,-0.8711711059865335
-0.8202405497045847,0.6891493846470953,0.8703873765568968,-1.1190000853694528,1.816934104586034,-1.042126365812568
0.15291296375681004,0.4653467726859947,-0.02677687043101198,-0.5463823046809051,-0.44458438687683405,-0.3934282008412636
-0.2603169660706837,0.7663883260335831,0.11233679234698384,0.5988532566961903,-0.08497329437764958,-1.1183809023440958
0.4623013186755819,0.8103162156096378,-0.027376402783950652,1.7440888180732856,-0.6303789657305597,-1.2466223703148902
-0.18332796733078108,0.23194946949079803,-1.196698540630993,0.5988532566961903,-0.8032770811571789,-1.2780690992063264
-0.7227167102666044,-0.17674471703386516,-1.1910387962418523,-1.6916178660580004,-0.510936444587638,-0.616783394000458
4.551822580643866,0.7045405443232037,-0.1448169764657436,-0.5463823046809051,-0.679277962065117,-1.7606414159219579
-0.04923186528235178,0.7513357261727214,-1.0132043431327749,0.0262354760076426,-0.23486763331648378,-1.0930324664756916
-0.9454139488202143,-1.2666873003671808,1.748763885995396,-1.6916178660580004,-0.7086269624266233,-1.501245669580724
0.16276006180876493,0.07870873757080177,-1.2441103138887422,-0.5463823046809051,-0.4502237037932806,-1.2652958745812835
-0.2526792219887613,0.3285418194456325,0.6359847488377389,-0.5463823046809051,-0.6618094502943926,-1.3441903010606908
-0.8417802227362549,0.39564170940314497,0.2704232118741141,0.0262354760076426,-0.7015306283377628,-0.9432314090478756
-0.21731264020889152,0.10264430466174175,0.9906413892346111,-1.6916178660580004,-0.7376175203841312,-0.8354527658306105
-0.665158467071163,0.5548415936896871,0.7553904447397553,-0.5463823046809051,-0.670224616285157,-1.0305393375273626
-0.8281612967546775,-0.758186150396734,2.8232982820381514,1.171471037384738,-0.5594012223653246,-1.3425119067528282
3.356391929893552,0.7734427653695323,1.2123572082345775,0.0262354760076426,-0.776555684365409,-1.426564639378179
-0.6083215455486363,0.6931340963675972,0.3442955774889828,-0.5463823046809051,-0.8067802685599343,-0.9972261238290747
0.13981259072728713,0.6161794126280555,0.541680628132386,0.0262354760076426,-0.2884722331506217,-1.1481264041333008
2.468661844387671,-0.7090030268994642,0.003182911494563022,-1.6916178660580004,-0.2378011431677267,-0.9293528155197442
1.410077231922428,0.8634486396102913,-0.08101962986043396,-1.1190000853694528,-0.172014443419811,-0.9932678000279169
-0.9164676180136813,0.9955703568227117,-0.3928393030813221,1.171471037384738,-0.2216272540610999,-0.9255514612684335
1.7040021326370107,0.6893828189541514,-0.7273526680494811,-0.5463823046809051,-0.577926946372977,-0.901479114979473
-0.9581580925049851,0.7717663375269002,-0.04241488436482041,1.171471037384738,0.7523928134264457,-1.1215562164675437
-0.9611575491691698,0.3700918752120798,-0.25938784341565924,0.5988532566961903,-0.5667978600706284,-0.8171828755553416
-0.8420113107000534,-1.6339066644085363,-0.7230955745007871,-0.5463823046809051,-0.7285067151330501,-1.0741553802683
-0.23959630769273832,0.10260097469098355,-0.8150220960520136,-0.5463823046809051,-0.7242714649391168,-0.9758682254307515
1.824260941017469,-1.4678340664146152,-0.3799589298002016,2.889324379450381,-0.014905409606341041,-0.2710190447039621
0.5517676660531846,-1.2667974888544147,-0.09501773348227407,0.0262354760076426,2.2031476712341593,-1.1114156451775963
-0.8400320794764411,0.32706553228102486,-0.28870009330061625,0.5988532566961903,-0.39857470863288214,-1.2239108839218786
-0.921465529797324,0.3270806973470311,-1.1008210922506956,0.5988532566961903,-0.3803352066106358,-1.262869982423239
1.827605809876799,0.6825122403696473,-0.8167481199441788,0.5988532566961903,0.3716218330052011,-1.1756080567614589
-0.3863476217275283,0.089344819897891,-0.9196492014699822,-1.1190000853694528,0.2686832835754755,-0.5902037909413302
0.29033443579980955,-2.392565733186137,-0.5419944945938616,-0.5463823046809051,-0.3867908426350745,-1.0084381286181514
0.37198423422689925,-0.7251545794571739,-0.264943445908006,-0.5463823046809051,-0.04931549737218198,-1.0743067055860975
3.024424062327225,0.591719277372745,-0.0061433392502251456,1.7440888180732856,-0.4162692088794275,-0.6450981654826938
0.7054280821201073,-2.8594041820610245,0.1877673822318792,-0.5463823046809051,-0.450792236791179,-0.7105195718381112
0.9378623188964507,0.1505558392479282,-0.5452162390172965,1.171471037384738,-0.5401495100842192,-1.191388729593435
-0.7888365225604235,-0.46760571537226825,0.7085011246937511,-0.5463823046809051,0.3845956196475351,-1.0008068576605553
-0.5290941329187427,0.17126283438599216,-0.6500313639467586,0.5988532566961903,-0.4855573184786093,-0.968573307915911
-0.17426404987621827,0.8430889417989259,4.187082775791344,-0.5463823046809051,0.5722869094228865,-0.643064248872948
-0.22074888443341198,0.8464450123200679,0.5826107303662127,-1.1190000853694528,-0.8461998847983369,-1.0469139030746308
-0.8190495661264428,-0.6308817879891379,-0.7574715102357665,0.5988532566961903,0.418947697670373,-1.1033500602045951
-0.596811242358864,0.4390059611373325,0.6220820158338088,-0.5463823046809051,-0.23775196111475883,-1.0180870562420101
-0.9942394363553767,-1.768241712595161,2.3382710928917416,-0.5463823046809051,-0.5202393802575538,-1.1668142897068636
-0.30886734187940706,0.4287220964096054,0.7050118468668773,0.0262354760076426,3.7715549664799437,-1.2618025877333807
-0.704750258454217,-0.46108427549039704,0.2758173556070415,0.0262354760076426,0.2181894971029118,-0.7505643988603043
-0.7681656171585479,0.7054188196254914,-0.34829143607322927,0.0262354760076426,-0.3127931764068521,-0.9485908713641943
-0.8921499319933816,-0.6197341200026936,-0.8422004318588322,0.5988532566961903,-0.8128239011098785,-0.5112318177454674
-0.20507663698516249,0.28568403329435077,1.2428424155962954,-0.5463823046809051,-0.4583450192871686,-0.4002666129384732
-0.9908968202772808,-1.0247602925457266,0.8736617057241677,-0.5463823046809051,-0.5475636184006535,0.8547757478255508
-0.9608332899305775,0.713082248619298,-0.5521781343960577,-1.1190000853694528,0.9053718165119129,0.667628610094884
-0.8376301024926543,0.6834265713179635,-0.18594004395735186,-0.5463823046809051,-0.7187320747699892,1.738694352999525
0.5670016792169549,-0.1440663416479321,1.5436722827547866,0.5988532566961903,0.806740082156835,0.335242300497107
0.12069106888806014,0.7824233094907276,-1.2216554145483836,0.0262354760076426,-0.7564140541063149,0.33170670438611216
-0.36403252098797767,0.563842501279727,-0.6236550143072356,0.0262354760076426,0.9108222808156307,1.0143681123281583
0.2967580620327835,0.6201155563663877,-0.25063811272188513,2.3167065987618334,-0.7421609178845571,0.7057179728594172
0.16672176991528748,0.6061365948184695,-0.916109737547981,0.0262354760076426,-0.7264465346183829,0.5159970664759154
0.9109794613642979,-1.831806808475535,-0.21920723454731467,-1.1190000853694528,-0.23870997775332783,1.0849695115002163
1.5613100880945086,0.1628551625043068,-1.2064082551442457,-0.5463823046809051,0.9495053887099721,1.5126200397165974
-0.9454785437007092,-0.19021886537231913,-0.18889760904143088,2.3167065987618334,0.9586034626095223,0.9846156948651561
-0.5790350952193681,-1.1287169653286886,-1.2363233847328956,0.0262354760076426,-0.6803372266879881,0.4395000647873906
-0.11313485311579449,-1.1566777593344129,1.000776685402793,0.5988532566961903,0.13232742468093295,0.7280652785901097
0.5177588945831053,-0.5817630567982196,-0.9269181629632658,-0.5463823046809051,-0.0558463480395521,0.9934751733422759
1.0692370430342826,0.42095232317158515,0.3513172226225664,0.0262354760076426,0.6332828296963354,0.8958064909069448
-0.04695058797027613,-0.4563173334470951,-0.029429449130674034,-0.5463823046809051,-0.45604320342782356,0.9277520527739084
-0.9706938150045246,0.7588197821360406,0.05956550757413061,0.5988532566961903,-0.394772500305775,1.499881921052711
-0.045506143546710204,-0.39545104030011885,0.008530483962701802,-0.5463823046809051,-0.07448292151567194,1.3766510528515583
-0.13671049900985735,0.12124986277981545,1.3362286365262648,0.5988532566961903,2.143066312354413,1.1451967238087757
-0.16952884097578974,0.9168166893714794,0.1732900833996566,0.0262354760076426,-0.7744656486272383,0.9372031336426232
-0.8687130531777646,-1.1281334209716685,0.1687309140079063,-0.5463823046809051,-0.699920526590705,1.0571554490424468
2.1946613626329308,0.33553777124784123,0.8716196636873403,-0.5463823046809051,0.07864112877853635,0.7802259012347517
-0.5290380611854105,-0.6905370426115311,-1.085440746921432,-0.5463823046809051,2.2994590828444488,0.49727307506420054
0.5695358798868145,-3.4697049833857503,-0.7587409214039366,0.0262354760076426,-0.24208429744102547,0.6281192196439361
0.5473583920542925,-1.6597427862669123,0.4253167547078209,1.7440888180732856,-0.35786324080578025,0.8088150753256195
0.2404173349996047,-2.5700558974908825,0.3712302026487182,1.171471037384738,-0.38725550213869553,1.26805639903479
0.1710401822319222,-0.5793593449569545,-0.8244461255593779,-1.6916178660580004,-0.44160637800601527,0.9031759423611823
-0.9792626074822811,0.2323502161024979,-0.8410406544077456,0.5988532566961903,-0.736645946787129,0.6647135664535283
0.22107825914621143,0.4923237304249752,0.41899539582774853,1.7440888180732856,-0.6330555526683792,1.3516989765964968
0.6485959713839557,0.02188833890976008,0.024571717177719724,2.3167065987618334,-0.3001160135968471,1.0187204673104264
-0.7312553115201001,0.940566261939825,-0.9280209861187338,-1.1190000853694528,-0.6221855239220224,1.0567155680900433
2.879525024405514,0.3811958291320957,-0.20536425262362487,0.0262354760076426,-0.23694128849956678,0.8837056422592152
0.573077566212856,0.16184961197723077,0.3714650735068284,-0.5463823046809051,-0.3294481274260593,0.8154857243673002
-0.15502974575025855,0.7189360178984054,0.03506594355081692,0.0262354760076426,-0.34502598685525976,1.5879448830057752
0.2418915379767599,0.037493638112960415,-0.4206517775461031,1.171471037384738,-0.20206023495751646,1.4490124183956474
-0.8407647820954091,0.09174189183012117,-0.5788410974864983,-0.5463823046809051,-0.6691826977299388,1.2325561283192787
-0.5158921363334243,0.1458814288111461,-0.2828094704234738,-1.1190000853694528,1.0275861726756261,1.0090343193000142
0.11354718071771976,-0.8570062347813995,-0.08424007464061734,0.0262354760076426,0.27325001019338346,1.1723050943763442
1.6568062282686218,0.6417539111801099,-0.32844117712479,-1.1190000853694528,0.18918464853995268,0.9856551104999797
0.1565566507753946,0.0012072495773817501,4.134668411628955,0.0262354760076426,1.640718483592318,1.0710635705029807
-0.9395405866939073,-0.5463505368048236,-0.6524114959717208,1.171471037384738,-0.6091992411567035,0.7506204861691596
-0.6382454286903276,0.13043782762058062,0.46558874039692183,-0.5463823046809051,-0.6261449468230651,0.20174802525681532
1.2392443043727326,-1.21349709523276,0.25041963635189085,0.0262354760076426,-0.17265557096535755,0.8824285399512524
-0.74351419352808,-1.0458971111277116,-0.9049751190060662,0.5988532566961903,0.2208514251100728,1.3350826029818248
-0.2336092508345552,0.9094923839203846,-0.11071761117113582,-1.1190000853694528,3.456315874931059,0.7121784547863099
0.10867788208971584,0.7515464488102366,-0.5235836641432745,-1.6916178660580004,-0.09739453497127187,1.051437790691036
-0.9033807130166301,0.05507206816548344,0.0997621772729314,0.5988532566961903,0.8540803976714693,0.3477142069996419
-0.631119554551754,0.7863510584367938,-1.1186727087432646,-0.5463823046809051,-0.3170433775964713,0.739108504438587
-0.0012191107220923829,-0.6696227906997626,0.6668823254853101,0.5988532566961903,-0.5081817053912251,1.1541962488515596
-0.930785438097083,0.3785681236630542,0.10270854058092031,3.461942160138929,-0.7931243134998631,0.7539453092414987
-0.9098965720028868,0.4114859683254735,3.250189855495225,-1.1190000853694528,1.7194111204801215,0.8807269061786623
0.05401343445979412,-0.25028316025990566,-0.7699324091965379,1.171471037384738,-0.19832333499897115,1.499358916594761
0.6764983927267771,0.7979129355670265,2.2529777964798785,0.5988532566961903,-0.4784585968891213,0.7021009737925115
-0.8675376091401402,-0.4999796516598978,0.3691564955068161,0.5988532566961903,2.116117090939211,1.2093440197490974
-0.9604453214050171,0.530530611748236,-0.8597991957553264,0.5988532566961903,0.8986640136883933,1.2154277462240168
-0.2673013639093785,0.7481202342177078,-0.6201484795545866,0.5988532566961903,-0.43392128032810745,0.6446878897067584
-0.8821753793016904,0.5415710892078722,-0.8489477590594277,0.0262354760076426,0.14799523693134845,0.9979896291576396
-0.5053166674455158,0.8528906720974673,1.016210410809986,-0.5463823046809051,0.11178710697908714,0.6989760765942449
-0.8929188880875787,-0.2001331590343865,-0.9906210279305785,-1.1190000853694528,-0.725018187550185,1.0310397367030941
-0.9245510097823583,0.17915585933975786,-0.11047278036442676,-1.1190000853694528,-0.7160634726175952,0.9824687833250363
0.3552387912041629,0.21876417703894455,-0.7433106007695679,0.0262354760076426,-0.49314532776369463,1.0873155648274302
-0.09239827466164582,-0.6568121643044974,-0.1904611895332674,-0.5463823046809051,5.790524617293151,0.7799739574254753
3.1121384414446034,-0.15376780017238148,-0.5910390821475475,-1.1190000853694528,-0.7559349423901403,1.0848647023831828
-0.9298537718609812,0.7133549173179154,-0.5042002677701498,0.5988532566961903,-0.41018256402321623,1.153770397150787
-0.9186302677459908,0.9641862226937883,0.25940999921432106,-1.1190000853694528,-0.6512657991508511,1.2969151973745383
-0.011754771722470608,-0.8618008470450153,0.6005525709467656,-1.6916178660580004,0.44789552175386754,0.945275700807436
-0.7620364430724272,-0.00304149639476027,0.8696923670374451,-0.5463823046809051,-0.7698433028614919,0.9314421871866448
0.205940266529611,0.5846426540677918,-0.7057308368101837,-1.6916178660580004,-0.5256097491121682,0.77730610601431
0.029720866300707232,0.863553678519001,1.2719048346784905,0.0262354760076426,1.6132749151404253,1.1300880568768377
1.1616702785129263,0.9917079414702985,-0.2047845611571143,-0.5463823046809051,-0.16300494160159074,1.48910839541461
-0.3433714792266618,-0.2881696578108209,-0.4068198200701478,-0.5463823046809051,-0.5879124959279212,0.9521165046332151
0.7377014831659225,-0.6054299360954013,-1.0102394107402322,-1.1190000853694528,-0.6357543000285489,1.2867142262331541
1.3746124062486096,0.38357549969610844,-0.06797580057969276,-0.5463823046809051,1.603720799539483,0.8304511780014949
-0.06965564307666207,0.2472109378553018,1.8053335602567857,-0.5463823046809051,-0.18980908923212697,0.501619654370484
-0.42759816003484924,-4.005282301267873,-1.1694900385896403,0.0262354760076426,1.8694917918484115,1.197684012646564
-0.39485493300993973,-0.36074416448086666,-0.6616750838711216,0.5988532566961903,-0.7691442758909878,0.7723855917168887
-0.058981884309603924,-0.8100801932540745,-0.33830821170482034,0.0262354760076426,-0.17351668889478533,1.2544998097384734
-0.9618332495614451,-2.6666558393974102,-0.6283784327821637,-0.5463823046809051,1.1706629102539146,1.2798891284153864
-0.9990658035555164,0.43079814461852123,-0.9828791145591741,-0.5463823046809051,-0.6427538268922173,0.6631472089725141
0.8831044063052227,0.5633216301464631,-0.758190731136373,-1.1190000853694528,-0.4536431037176508,1.1695795324124485
-0.10196301940127453,0.9418096521480543,1.410175311754019,0.0262354760076426,-0.7015758819147273,0.6678647082966055
-0.9333233436328003,-0.634153955122674,0.3996685557655228,1.171471037384738,-0.31696937131509445,0.7894373462473646
0.40572802955546855,0.8894812723793838,-0.08291692352587678,0.5988532566961903,-0.8388130039078309,0.4121585168885145
0.023355865069312302,-1.044424074489075,-0.3673000112805267,-1.1190000853694528,4.527237041576092,1.0131028201082126
-0.9188344487250603,-1.8920320546662175,-1.232098809272114,-1.1190000853694528,0.26069786670518824,1.5763980170396363
0.11663639849831776,-0.21011010836654673,-0.4785817371277092,-1.1190000853694528,0.6285871440002944,1.0367985065955385
-0.7009488304773753,-0.4583041035297901,-1.0434667382643776,0.5988532566961903,-0.4112742547715585,1.27386130628273
-0.8765957590110874,0.062376365064822546,-0.943858874638239,0.5988532566961903,-0.7025003312340445,1.3610307501868133
-0.12762736384755458,0.1786743112870003,1.0157688024418121,-1.1190000853694528,-0.34017890004059825,0.6576461048147442
0.5356645680265449,0.5437832194009693,1.0744524937362272,0.0262354760076426,7.0140792201332784,0.9366736090672344
0.10710812838627709,0.9347876879563359,0.3513340691383236,1.171471037384738,-0.7275844668105407,1.086110641204003
1.7860899548463929,0.8878083379551883,-0.4682078894450077,-0.5463823046809051,-0.5683421502426205,1.3360984794808692
-0.8511640890431779,0.9598941979835449,-0.35525665713492927,0.0262354760076426,1.5938294534401927,0.7634730589763338
0.4679914338930829,0.39213924980896253,2.093436787260373,0.5988532566961903,-0.18905796489694973,1.12696353529299
-0.14589567604867124,-0.1950785807630077,-0.4054693987400909,0.5988532566961903,-0.7442770853243242,0.9403746377179278
-0.85578969413397,-1.1107079922505598,0.6380981645679757,-1.6916178660580004,-0.5707630574455805,1.170323102954598
0.7481049577164731,0.5392560285135056,-0.30909393111317907,-1.1190000853694528,-0.5487346293257153,0.4475964599378915
-0.058679057036218056,0.014564848558273762,-1.173580475361024,-0.5463823046809051,-0.7508986735733275,0.883712175755834
0.2882722958200279,-3.659363946534442,-0.8723124160136811,2.3167065987618334,-0.18143657827669682,1.1769655128892262
-0.6756161083717198,-0.8484312966510694,-1.047905440807902,-0.5463823046809051,0.5108860619827884,0.9768887248112023
-0.9345284522547946,-0.5843386618501296,-0.9454865572401759,0.0262354760076426,2.579199517996964,1.290985095746111
-0.5393801544653397,1.0288317480048292,-0.43568058424598016,2.3167065987618334,2.4587422771393603,1.5751630971591342
0.5724357796631581,-0.8504829269538604,-0.11016954667771892,0.0262354760076426,0.04462816965466148,1.075622389124358
-1.0054476727776829,0.8643242966928276,-0.626362568852619,-1.6916178660580004,0.31736039913133934,0.6033796579611431
-0.6585018018179658,0.42622173452933454,1.10502810393385,-0.5463823046809051,-0.38841389390873476,1.117984169661495
-0.33007512701033964,0.19649530373937402,0.4337797752061627,0.5988532566961903,-0.5166953384550403,1.2159788267695224
-0.2524802356464167,0.16480101554451926,0.6408441863377679,-1.1190000853694528,-0.6681029408107263,0.8929108925952287
0.08731081487789823,-0.05193115064568923,-1.1701318777967022,-0.5463823046809051,-0.8283018128522605,0.670726503921819
0.15505013280453311,0.8084332743797946,0.7584235144842625,0.5988532566961903,-0.4771265204910585,0.7484930126006198
-0.05590623758478266,0.9493586984118666,-1.0965587891550737,-1.6916178660580004,3.4963746702128575,1.3065388551194024
-0.9668785638166555,-0.35912133469364815,-1.007875093213251,-1.6916178660580004,-0.5406367439068631,0.9035725712204167
4.857314238743231,0.04414059574255081,-0.7591027496563404,0.0262354760076426,-0.3319912933341115,0.7274132891468765
-0.8438882797288532,0.14800403326031966,-0.43231163312759957,1.171471037384738,0.136433383361762,1.011629021462758
-0.42851945377041895,-1.4366336518251137,0.5127271582722231,-0.5463823046809051,2.3105704940872993,1.1558196424587903
-0.4866892781948167,0.8545716912498857,2.3342159713765884,-0.5463823046809051,-0.559006677603647,0.5970600103070962
0.09054611943960954,0.9129521441660603,-0.16584225383500764,-0.5463823046809051,-0.6354701724590713,1.1415930663688687
-0.324919445263345,0.6600707474991351,0.11069381972879773,2.3167065987618334,0.43607544891868866,1.1192478516530648
1.5879087928749633,0.8983339325373244,-0.9530395460499541,0.0262354760076426,0.1591552181862597,1.0118808281141776
-0.6449282027506243,0.019557044262354526,0.14075941326263292,-1.1190000853694528,-0.5121927074369138,0.9388926446199797
0.40903064552896873,0.5852700653518331,0.01860278272313609,1.7440888180732856,-0.17313236470132207,0.3172458301996759
-0.9173992103214882,0.8531441805633098,-0.42946498889320833,0.5988532566961903,-0.24998549888804844,0.9622616552779519
0.29504594408616475,-1.3538858580241033,-0.6230416439335491,-1.1190000853694528,0.28254214519080456,0.844975104102509
-0.045246704670808297,0.6064771640273012,-0.7866891893570076,0.0262354760076426,-0.6847536296730895,0.9204590360778093
-0.7408741430982673,-1.9203425679952693,-0.0658786394571222,-0.5463823046809051,-0.647021231904986,1.1773818109877505
-0.867466171483585,0.7968406736543208,0.48370467454152655,-1.1190000853694528,0.37179316759902936,0.6547163470394274
-0.5862363064462672,0.7546333632261255,-0.7309037081155779,0.5988532566961903,-0.6659520955862984,0.9123607314547664
1.1945414702736512,0.8919231162279221,-0.7025361466032385,-1.1190000853694528,-0.3777431456605746,1.2994242909141616
0.9848328344368448,-1.0860421383955623,-0.5252588337635585,-0.5463823046809051,-0.6847995244866334,0.4887240962632398
-0.9119394610836744,-1.0278413195970153,-1.2394737280376602,-0.5463823046809051,0.03580738584418658,0.5405200994374285
0.9221721719280995,0.8978404306186255,1.3745524484364313,0.0262354760076426,-0.30045679555079363,1.2966219325201052
-0.10898290753466618,-2.108268597177999,0.1587151296668811,0.0262354760076426,1.2790859279034366,1.2229842193310507
-0.47309984115683734,0.8632611510790009,-1.1523209134665005,0.0262354760076426,-0.5266596483182473,0.29559325901936256
2.733528429718958,-1.1503656248213485,-0.4047309213788845,0.0262354760076426,-0.7368008590452056,0.9542849519970229
0.10027902257895799,0.8226444294417317,1.1677203046577052,0.0262354760076426,0.30665082509397734,0.8034145596517562
-0.9088231061043958,0.09456061586382586,-1.0401792462110317,1.171471037384738,5.186345858197588,1.2495526903264358
-0.1763021607962172,0.5466684616521978,0.3849041830844259,-0.5463823046809051,-0.5361112087121973,1.1393798288587718
0.1262621846683275,0.5402961331893738,1.1347867831358522,0.5988532566961903,1.0882722395972038,0.4395212666640579
-0.8011421637168863,-0.08730955415365539,0.4065393128514559,1.7440888180732856,-0.39418443452316765,0.8916780628119059
0.5003845708733169,0.8523491080929693,-0.3226689815924576,0.5988532566961903,-0.6552544728844678,0.7060438505956879
0.29331950492498693,0.26676837775403484,-0.32038532276521925,1.171471037384738,-0.7263689405969974,1.0136806395504472
-0.793559754368914,0.2798450409442718,-0.5645054443943778,1.7440888180732856,-0.6950276088358232,0.2882598646530975
-0.37951573432579827,-0.6935021902358647,1.369133284775217,1.171471037384738,-0.6211967641846575,1.2705506334772838
-0.32355322683022314,0.6308199033127565,-0.8836672678998648,1.171471037384738,-0.36393934301949227,0.6229378388165077
0.31653465134755826,0.7921667359015999,-1.2008845729849629,-0.5463823046809051,0.253427523007364,0.9850325105667778
-0.8353042904023813,0.7252574561207298,-0.9052109322677735,-0.5463823046809051,0.6426870478456531,1.3802935178009468
0.32937824348864303,-0.17295462886043828,-0.45066389828900416,-0.5463823046809051,-0.2123505717397789,1.2510753214423707
-0.17415975464572098,-0.8378580316340023,-0.038653020236090796,0.0262354760076426,-0.11868638873696036,0.7301229997894514
-0.892365046797041,-1.4424837160921955,-0.04172085025703552,-1.1190000853694528,-0.31357873916354295,1.0274766319340698
-0.5838638405545518,0.7145281763843317,4.460647314284351,0.0262354760076426,-0.22968861005362035,1.411051149310537
0.45324434592328466,0.14104279605196343,-0.5434207371028877,-1.6916178660580004,-0.6223270266485744,-0.09518792901055952
-0.8682554009972262,0.6952741682690781,-1.104459011879405,0.0262354760076426,-0.7425251148555586,1.2287083935246976
1.4933597015503839,0.5077707345392855,1.2079343908815836,0.5988532566961903,-0.2775065290779282,1.1784936908278683
0.1240327813018505,0.6037691598278295,-0.8616352205646131,1.171471037384738,-0.7694484066683354,1.072733566397755
-0.5791006688557367,0.8832482608192683,-0.6419972417670204,0.0262354760076426,-0.5114926969198975,0.9749537303297525
2.4321375199218642,-0.7024882865951836,-0.3657192487507713,0.0262354760076426,-0.09748720911594401,0.8157428067302132
-0.3841124710337126,0.7704472251618505,-0.6005110365574368,0.5988532566961903,-0.2353916824793274,0.8183854901390062
-0.2424268807466676,-0.21969828329028046,-0.05319673054068731,1.171471037384738,-0.5910021824087648,0.4298009773298211
-0.8870677157572627,-0.015010927329246165,0.3894822718678122,0.0262354760076426,-0.35128947050326104,0.7167566280534357
1.9381953798878488,-0.8181822210195575,0.6163386984262521,0.0262354760076426,-0.4783421588820395,0.8886648590057558
0.9069709736510515,0.29328056277178266,0.4561260117315348,-0.5463823046809051,-0.09137782025386443,0.9028029724177946
-0.7999672368211526,0.3939363521937056,-1.074926640147497,0.5988532566961903,-0.06616133625877639,1.0179184821191583
1.3686199247707935,-0.22793692617070058,-1.1215501031386603,-0.5463823046809051,-0.4810890793029029,1.010345303000584
0.21071044244971995,0.09680193210987534,-1.0332108751202196,0.0262354760076426,-0.2898451229611751,1.0066831205317173
-0.6072871713473499,0.08385185516037416,2.0678496396224872,0.0262354760076426,-0.42986930657313155,1.116513774541781
0.06231197332221609,-0.9877976138137106,-0.10783314435906612,-1.1190000853694528,0.2934871587435745,1.4866424938581615
-0.8821447864710126,0.27386972303594365,-0.5934541919663006,1.7440888180732856,1.394433488706466,1.2103114679740183
-0.6854145261870924,0.8106582196732549,0.48096120777267487,-1.6916178660580004,-0.8023334948505394,1.161837357593436
-0.5967905849948926,-0.12505701258982765,1.3376440781777912,-0.5463823046809051,-0.105842174480951,1.2145704561801363
-0.10336034404856928,-0.3638584575437266,-0.20781165079964628,-1.1190000853694528,0.02124408962735352,0.5512619035179918
1.6058617853549482,1.0238302906032366,0.8902294213674897,1.171471037384738,0.47704058583367115,1.2115487279401667
-0.7403734460521012,-0.6912205656452642,0.6253077827631405,-1.1190000853694528,-0.3951017567339397,0.4133612886833827
0.010690399345969258,0.8918182556987357,-0.4510852138074513,0.0262354760076426,0.3463620972738961,1.0737359590502922
-0.9039685143012433,1.0387797139924348,0.7387052373455427,0.0262354760076426,0.04490594107398786,0.8720129128549359
-0.4313144229113951,-0.020709828269214917,0.09976581206134234,-0.5463823046809051,-0.5111168675360617,0.936884923740346
1.697554728783674,0.2887467669010886,-1.087840598622863,-0.5463823046809051,0.7359897901532585,0.24275525005402995
-0.34893660262275583,0.6205373955861192,-0.3423749155033828,-0.5463823046809051,-0.2485782351316305,0.9962454889391932
-0.7359009500399154,0.47968074865652705,0.87125387199507065,1.171471037384738,-0.7602716886748454,1.0677016627895117
-0.33293103697954696,-0.13008841336777136,0.6943974069399772,0.0262354760076426,0.364052838401766,1.1673692002244778
0.8578864098686461,0.5624662918479696,1.2637537386955977,1.7440888180732856,-0.138934073944883,0.9298624057812523
-0.9081578376984798,0.015140027072138877,-1.064582794018423,0.0262354760076426,-0.7803855113670661,0.5691178707999618
-0.19175656221444037,-1.100762291965739,-0.25048619056646443,1.171471037384738,1.00956883602063,0.11027935849016118
1.8838048167383648,0.4068777865766013,4.763538536070646,0.0262354760076426,-0.2692970750814591,0.670453373031378
-0.7986688252079683,-0.7147480349401166,-0.05982178211005123,0.5988532566961903,-0.317961249871243,0.6726963541950619
1.0550449395985868,-0.9901703531026385,-1.3280215803890751,-1.1190000853694528,-0.6284045140929913,0.6561859023645177
-0.30645711128797537,0.14628835134780907,3.631514794098057,-0.5463823046809051,0.021373957783704968,0.9445669671105094
-0.7422752033593631,0.7975673281878481,-0.43129991074474194,-0.5463823046809051,0.5943486470073752,1.0483003704204839
-0.7615896043512653,0.10842469567070055,-0.8080801600999497,0.0262354760076426,-0.6056409873648518,1.2227309343993868
0.9933885818852326,0.8266727536621168,-1.0336042827195147,-1.1190000853694528,-0.8001308122846083,0.4471737619778718
-0.7025529116831237,-0.06711599905663358,-0.2645725889934402,0.0262354760076426,-0.7889278786733814,0.3091514429148111
1.6926911989312345,0.8442190538769224,0.02432489097501571,-0.5463823046809051,-0.7790924643024831,1.0750967415399282
-0.7184042294972538,-0.0300633351586309,-0.35841191373443276,1.7440888180732856,-0.7875648154208792,0.5902774064085691
0.20464895285086587,0.8187350116453529,-1.042251161658393,0.0262354760076426,3.1125883607354567,0.49750927387795707
-0.46511538630052246,-1.6081244376987962,-0.546051538611753,1.171471037384738,-0.41747880479767296,0.5846874740978557
0.51603033998498,0.579814340675368,0.14127687977557238,2.3167065987618334,-0.48055356814205924,1.3823937925331888
-0.44811232576804255,0.6083266052398156,2.8814475881163117,-0.5463823046809051,0.38934473573586004,0.8297465014065163
2.4716480783706354,-0.6991768889524397,-0.48433609556360135,-0.5463823046809051,0.7904884933374601,1.3135635097113645
-0.8678121729586896,0.815921858399088,0.6779518995218964,0.0262354760076426,-0.6304267433996098,1.122298338985718
-0.9222477143540833,0.5517859125031391,-0.30753598490873124,-0.5463823046809051,0.8347320138640464,0.9265926809315455
-0.992429185178547,-2.821775940236458,-0.2568401683639181,1.7440888180732856,0.7315253626655912,1.0546779297682045
-0.51690526012915206,-0.3150144038220821,-0.15978406912335907,-0.5463823046809051,-0.28589278154199393,0.5812915609775148
-0.8126122932405182,-0.5736543768190822,0.983477669005189,1.171471037384738,0.26374659899295266,0.30002718324550837
1.7653210556837868,0.7829393284582231,0.5146210863612944,-1.1190000853694528,-0.751624869718079,1.1779722788382772
0.8930499899904142,-0.8852128326208307,-0.2807708771912975,-0.5463823046809051,-0.8107043858818246,1.0215183764008593
-0.9611385708896404,0.8762603446999111,0.4747878153879793,0.0262354760076426,0.8268641224619423,1.8086424567459065
-0.9415967359901385,0.06925207901127338,-0.9884976259229037,0.5988532566961903,0.40984613221313443,1.174600072463666
-0.8699681447986608,-0.14130366465013033,-0.5505861536180557,-1.1190000853694528,2.903213879987985,0.8938389722174351
-0.927208169202286,-0.06699345850245665,4.754037798344482,-0.5463823046809051,-0.649787583983537,1.4701922594531802
1.5598171760673198,0.44532796956084375,-1.0580006043773182,-1.1190000853694528,-0.6022019227515739,1.1841878773397778
-0.6647344118517993,0.459012181063684,0.29959119806223855,2.889324379450381,0.39876936578487815,1.1968135990483841
-0.9416619581318495,0.6808950594987477,0.8065907252862783,0.0262354760076426,-0.26536909342119364,0.6909656582631076
-0.9338600510445836,-1.4661228196504035,-0.02469571687726617,-1.1190000853694528,-0.8409315333535323,1.2370891731158455
0.25496960030266747,-0.21552103836070413,-0.6767685965471956,-0.5463823046809051,-0.6828053724747554,0.8638865188925958
1.9369292594573717,0.5138649808863033,0.06395396744035416,1.7440888180732856,0.011633873012359313,1.27259804863626
-0.6575160543900938,0.9068414331265808,0.27272892346833466,-1.1190000853694528,-0.48529687045779785,1.1658923060324466
-0.3348410120270801,0.7548257726157769,-0.5136513997303438,-0.5463823046809051,0.8638588422238097,1.1781817517160014
0.4110269739511389,0.7889108649059475,-0.9407974233375274,0.0262354760076426,-0.34077998410263144,1.4822162244657584
-0.9133136175946802,-0.5820589595088285,-0.21522693329526796,-0.5463823046809051,-0.2405797378359819,0.6741036532748017
-0.495566768265134,0.666551531271097,-0.11210828331111806,-1.6916178660580004,-0.7462587186869426,1.4368379893096017
-0.9511986663323102,-0.39256402443836513,0.8900094460549124,0.0262354760076426,-0.3018517389747141,0.9933974667259271
-0.19584512148867902,-0.7636329394712793,-0.6375371929915759,1.171471037384738,-0.3823579328885385,1.5030458809696243
-0.8797420905348012,-0.14309271055282027,0.41546787817361247,0.5988532566961903,1.8146568611601859,0.8234798899603105
0.8888399904680744,-0.1385074702476689,0.9514539912228661,0.0262354760076426,-0.3278875805890521,1.0047247276084161
-0.7624081306665622,0.656779417152773,-0.2495314871282043,0.0262354760076426,-0.7556770205416301,1.0319956062110855
-0.7621529201326568,0.3975443209423816,-0.42520489667552885,-1.1190000853694528,-0.39290450507063324,1.3715321056806737
0.6039428160621082,-3.133122840723245,-0.6908277108601225,-1.1190000853694528,-0.3330300387181109,0.9577099309726593
0.32419723771761894,-0.1300221106611402,1.5104440356175974,-0.5463823046809051,1.290660446325034,0.8589572029974593
-0.018683765733035054,-0.3805258238949276,-0.4666164590610987,0.0262354760076426,-0.02760015034851081,1.264815612436195
-0.4836930034684711,0.5751809602851358,0.10389466490240544,0.5988532566961903,0.5006303908340226,1.251700739869783
0.2069818931956717,-0.012254452905664815,-0.2052192966456367,-1.6916178660580004,-0.6889543846556196,0.7195278550305202
-0.13932155560579756,0.77603582646277,-1.2231761241431236,-1.1190000853694528,0.18640850020468233,0.7430885757327567
-0.8749168893617031,-0.07607960979934739,-0.7841522665310245,1.171471037384738,-0.18333047236057964,1.1590936160373373
-0.40670826032241864,-0.8039027730595334,-0.2601135063409775,-0.5463823046809051,-0.48124761035885105,0.2830458963776647
-2.848174203119304e-4,-5.05773768575541,-0.4510097580178259,0.0262354760076426,-0.4836912883672028,0.9798259590701057
-0.9454285190576245,-1.8235968304673362,-1.0435879063751656,1.171471037384738,0.14336520586509927,0.7330926098318848
-0.06115079064062014,-0.20832505896508738,-0.26424174513804755,0.5988532566961903,-0.22697881868677441,1.3063600190902427
0.06527855946732317,0.3830948985204597,0.6213998290918835,-0.5463823046809051,-0.7838912215278652,0.4450749344215803
-0.5137241987002101,0.7280722395701427,-0.7456567781297153,-1.1190000853694528,-0.5029000768575733,0.7321305158190886
-0.9219386140170678,0.6763360829255215,0.7804188272795212,-1.6916178660580004,-0.5939458660440865,0.36477645128055347
-0.6675045980305604,0.18998426466579899,0.7109476962258776,2.889324379450381,-0.7824694503202025,0.7887628997814209
-0.6419695534212431,0.6530236806711675,-0.8966597743903902,1.7440888180732856,-0.843491667297365,0.49217073850210225
-0.2285997826911521,-0.19097590975375694,-1.080524588516394,-0.5463823046809051,-0.8100712009948129,1.0967283481085535
0.4019163385676933,0.7184221441781661,0.320997068811766,-1.1190000853694528,-0.7819417818448258,0.6405592971618639
-0.8207755371974294,0.4871922697605274,0.4396901276461702,0.5988532566961903,-0.5933497198868608,1.2854230754173372
1.388705517009457,0.3240921114830352,-1.2630405060021963,-0.5463823046809051,-0.8103842122174654,1.0063336254555377
-0.7421487215576225,0.721034123115639,0.13379251208806942,0.0262354760076426,0.3384980815572634,0.16742180923703276
-0.791898097763573,-0.914680237050645,1.0063550808490558,0.5988532566961903,-0.5139232978898143,1.0933208648365051
-0.7902475128954911,0.9666285703514799,-0.33804352253469444,2.3167065987618334,-0.6490750198936784,0.8755107456994232
0.4598000466246604,0.9453614860211,1.313310216383632,0.0262354760076426,0.12510201733226473,0.9812495030011655
-0.8835981411121067,-0.08205890150676334,-0.6856741441918,1.7440888180732856,-0.018518029882132404,0.9800525194786898
-0.47228544776685843,0.4428781194506311,2.5257185516535605,0.5988532566961903,2.420611798293372,0.7434661060440019
2.333177887339371,0.6862524253952568,1.0492967380357308,1.171471037384738,-0.7289202457973544,1.380979379347023
