longitude,latitude,year,month,day,date,air_tmax,air_tmax_source,air_tmin,air_tmin_source,elev_m,et_morton_actual,et_morton_actual_source,et_morton_potential,et_morton_potential_source,et_morton_wet,et_morton_wet_source,et_short_crop,et_short_crop_source,et_tall_crop,et_tall_crop_source,evap_comb,evap_comb_source,evap_morton_lake,evap_morton_lake_source,evap_pan,evap_pan_source,evap_syn,evap_syn_source,extracted,mslp,mslp_source,radiation,radiation_source,rainfall,rainfall_source,rh_tmax,rh_tmax_source,rh_tmin,rh_tmin_source,vp,vp_deficit,vp_deficit_source,vp_source
145,-37.8,2020,1,1,2020-01-01,25.6,25,10.9,25,31.6 m,6.1,26,8.1,26,7.1,26,5.7,26,6.9,26,7.6,25,7.3,26,7.6,25,7,26,2024-10-19,1016.6,25,31.8,42,0.1,25,39.6,26,99.8,26,13,13.3,26,25
145,-37.8,2020,1,2,2020-01-02,25.7,25,11.9,25,31.6 m,5.8,26,8.2,26,7,26,5.8,26,7,26,8.4,25,7.2,26,8.4,25,7,26,2024-10-19,1020,25,31.2,42,0.1,25,39.7,26,94.1,26,13.1,13.7,26,25
145,-37.8,2020,1,3,2020-01-03,36.4,25,12.8,25,31.6 m,4.5,26,10.9,26,7.7,26,7.7,26,10.1,26,8,25,7.9,26,8,25,9.4,26,2024-10-19,1016.7,25,31.1,42,0,25,22.9,26,94.1,26,13.9,29.8,26,25
145,-37.8,2020,1,4,2020-01-04,27.7,25,18.2,25,31.6 m,2.7,26,8.8,26,5.8,26,5.7,26,7.3,26,7.4,25,5.9,26,7.4,25,6.4,26,2024-10-19,1008.1,25,23.9,42,0,25,36.4,26,64.6,26,13.5,18.8,26,25
145,-37.8,2020,1,5,2020-01-05,16.4,25,12.6,25,31.6 m,0.8,26,2,26,1.4,26,1.6,26,2,26,2.6,25,1.4,26,2.6,25,1.6,26,2024-10-19,1023.1,25,5.2,42,2.4,25,71.3,26,91.2,26,13.3,4.2,26,25
145,-37.8,2020,1,6,2020-01-06,17.7,25,11.7,25,31.6 m,0.8,26,1.1,26,0.9,26,1.2,26,1.6,26,0.3,25,0.9,26,0.3,25,1.2,26,2024-10-19,1019.3,25,3.2,42,7.6,25,71.1,26,100,26,14.4,4,26,25
145,-37.8,2020,1,7,2020-01-07,20.3,25,12.4,25,31.6 m,0.9,26,0.9,26,0.9,26,1.1,26,1.2,26,2.2,25,0.8,26,2.2,25,1.4,26,2024-10-19,1017.6,25,5.3,42,0.9,25,76.9,26,100,26,18.3,2.8,26,25
145,-37.8,2020,1,8,2020-01-08,25.3,25,16.6,25,31.6 m,5.4,26,7.5,26,6.4,26,5.3,26,6.2,26,7,25,6.6,26,7,25,6,26,2024-10-19,1018.5,25,27.2,42,0,25,51.2,26,87.4,26,16.5,11.8,26,25
145,-37.8,2020,1,9,2020-01-09,32.6,25,17.2,25,31.6 m,5.6,26,9.9,26,7.7,26,6.8,26,8.5,26,10.9,25,7.9,26,10.9,25,7.9,26,2024-10-19,1016,25,30.2,42,0,25,35.6,26,89.2,26,17.5,22,26,25
145,-37.8,2020,1,10,2020-01-10,33.3,25,19.7,25,31.6 m,0.4,26,6.3,26,3.3,26,4.3,26,6.1,26,6.4,25,3.4,26,6.4,25,5,26,2024-10-19,1004.7,25,9.8,42,0,25,34.8,26,77.6,26,17.8,24.4,26,25
145,-37.8,2020,1,11,2020-01-11,19.6,25,12.8,25,31.6 m,1.9,26,5.3,26,3.6,26,3.7,26,4.7,26,4.3,25,3.7,26,4.3,25,4.1,26,2024-10-19,1017.4,25,17.4,42,18.4,25,48.7,26,75.1,26,11.1,9.4,26,25
145,-37.8,2020,1,12,2020-01-12,21,25,13.3,25,31.6 m,3,26,5.9,26,4.5,26,4.1,26,5.1,26,6,25,4.6,26,6,25,4.8,26,2024-10-19,1021,25,20.9,42,0.1,25,49.1,26,79.9,26,12.2,9.9,26,25
145,-37.8,2020,1,13,2020-01-13,32.7,25,11.5,25,31.6 m,4.6,26,8.8,26,6.7,26,6.5,26,8.3,26,6.3,25,6.9,26,6.3,25,7.8,26,2024-10-19,1015.8,25,28.2,42,0,25,29.5,26,100,26,14.6,21.9,26,25
145,-37.8,2020,1,14,2020-01-14,33.9,25,16.5,25,31.6 m,5.2,26,9.1,26,7.2,26,6.5,26,8.1,26,7.6,25,7.3,26,7.6,25,7.7,26,2024-10-19,1016.1,25,27.6,42,0,25,35.9,26,100,26,19,22.3,26,25
145,-37.8,2020,1,15,2020-01-15,37.8,25,19,25,31.6 m,0.7,26,11.2,26,5.9,26,7,26,9.6,26,7.4,25,6,26,7.4,25,8.6,26,2024-10-19,1008.4,25,21.8,42,0,25,21.1,26,62.8,26,13.8,36.8,26,25
145,-37.8,2020,1,16,2020-01-16,20.1,25,15.4,25,31.6 m,3.5,26,4.3,26,3.9,26,3.2,26,3.8,26,5.1,25,4,26,5.1,25,3.7,26,2024-10-19,1011.6,25,17.4,42,20.6,25,67.6,26,90.9,26,15.9,6,26,25
145,-37.8,2020,1,17,2020-01-17,25.3,25,13.6,25,31.6 m,3.8,26,6.7,26,5.2,26,4.8,26,5.9,26,4.4,25,5.4,26,4.4,25,5.6,26,2024-10-19,1012.3,25,23.2,42,0.1,25,43.7,26,90.6,26,14.1,12.9,26,25
145,-37.8,2020,1,18,2020-01-18,29.7,25,13.1,25,31.6 m,4.4,26,7.7,26,6.1,26,5.6,26,7,26,6.1,25,6.2,26,6.1,25,6.7,26,2024-10-19,1010.8,25,25.7,42,0,25,36.9,26,100,26,15.4,17.3,26,25
145,-37.8,2020,1,19,2020-01-19,29.3,25,16.9,25,31.6 m,4.8,26,7.3,26,6,26,5.2,26,6.4,26,5.8,25,6.1,26,5.8,25,6,26,2024-10-19,1006.6,25,24,42,0,25,46.4,26,98.2,26,18.9,15.1,26,25
145,-37.8,2020,1,20,2020-01-20,22.5,25,18.4,25,31.6 m,2.2,26,2.8,26,2.5,26,2.1,26,2.5,26,3.3,25,2.5,26,3.3,25,2.2,26,2024-10-19,1004.1,25,8.7,42,3.3,25,74.9,26,96.4,26,20.4,5.2,26,25
145,-37.8,2020,1,21,2020-01-21,23.9,25,14.2,25,31.6 m,4.7,26,8,26,6.3,26,5.4,26,6.6,26,5.4,25,6.5,26,5.4,25,6.4,26,2024-10-19,1010.4,25,28.5,42,38.1,25,42.5,26,77.9,26,12.6,13,26,25
145,-37.8,2020,1,22,2020-01-22,32,25,13,25,31.6 m,0.4,26,6.3,26,3.3,26,4.6,26,6.4,26,7.9,25,3.4,26,7.9,25,5.3,26,2024-10-19,1002.6,25,12.5,42,0,25,29.2,26,92.9,26,13.9,22.3,26,25
145,-37.8,2020,1,23,2020-01-23,22.8,25,12.8,25,31.6 m,2.6,26,4,26,3.3,26,3,26,3.7,26,6.8,25,3.3,26,6.8,25,3.4,26,2024-10-19,996.8,25,13.2,42,21.7,25,55.5,26,100,26,15.4,8.4,26,25
145,-37.8,2020,1,24,2020-01-24,24.3,25,10.6,25,31.6 m,1.6,26,6.6,26,4.1,26,4.5,26,6,26,6.8,25,4.2,26,6.8,25,5.3,26,2024-10-19,1011,25,19.6,42,2.2,25,32.9,26,78.3,26,10,14.7,26,25
145,-37.8,2020,1,25,2020-01-25,27.7,25,12.4,25,31.6 m,5.3,26,8.5,26,6.9,26,5.9,26,7.3,26,6.2,25,7.1,26,6.2,25,7.1,26,2024-10-19,1014.9,25,30,42,0,25,36.4,26,93.8,26,13.5,16.1,26,25
145,-37.8,2020,1,26,2020-01-26,24.1,25,14.9,25,31.6 m,5.6,26,5.6,26,5.6,26,4.2,26,4.7,26,5.6,25,5.7,26,5.6,25,5.1,26,2024-10-19,1013.4,25,24.2,42,0,25,61.3,26,100,26,18.4,7.7,26,25
145,-37.8,2020,1,27,2020-01-27,24.1,25,12.3,25,31.6 m,4.6,26,6.6,26,5.6,26,4.7,26,5.7,26,5.7,25,5.8,26,5.7,25,5.8,26,2024-10-19,1015,25,25.7,42,0,25,46,26,96.5,26,13.8,11.3,26,25
145,-37.8,2020,1,28,2020-01-28,25.6,25,12.7,25,31.6 m,5.1,26,6.5,26,5.8,26,4.8,26,5.7,26,4.9,25,6,26,4.9,25,5.8,26,2024-10-19,1015.5,25,25.8,42,0,25,47.5,26,100,26,15.6,11.4,26,25
145,-37.8,2020,1,29,2020-01-29,31.6,25,14.3,25,31.6 m,5.4,26,9,26,7.2,26,6.4,26,7.9,26,6.4,25,7.4,26,6.4,25,7.6,26,2024-10-19,1018.1,25,29.5,42,0,25,34.9,26,99.5,26,16.2,20,26,25
145,-37.8,2020,1,30,2020-01-30,39.5,25,13.6,25,31.6 m,2.5,26,12.3,26,7.4,26,8.2,26,11.2,26,9.6,25,7.5,26,9.6,25,10.5,26,2024-10-19,1012.3,25,29.4,42,0,25,16,26,73.9,26,11.5,38.9,26,25
145,-37.8,2020,1,31,2020-01-31,43.4,25,20,25,31.6 m,0,26,10.8,26,5.4,26,7.4,26,10.7,26,10.6,25,5.5,26,10.6,25,10.2,26,2024-10-19,1007.5,25,17.9,42,0,25,15.2,26,57.3,26,13.4,51.3,26,25
145,-37.8,2020,2,1,2020-02-01,29.3,25,23.5,25,31.6 m,0.2,26,1.3,26,0.7,26,1.8,26,2.6,26,4.6,25,0.7,26,4.6,25,2.3,26,2024-10-19,1007,25,1.1,42,0.8,25,62.8,26,88.4,26,25.6,11.9,26,25
145,-37.8,2020,2,2,2020-02-02,25.1,25,13.8,25,31.6 m,2.9,26,6.6,26,4.7,26,4.5,26,5.7,26,6.7,25,4.8,26,6.7,25,5.3,26,2024-10-19,1012.2,25,21.1,42,15.5,25,42.1,26,85,26,13.4,13.5,26,25
145,-37.8,2020,2,3,2020-02-03,18.1,25,13,25,31.6 m,4,26,5.1,26,4.6,26,3.6,26,4.2,26,5.9,25,4.7,26,5.9,25,4.4,26,2024-10-19,1012.4,25,22.2,42,0.2,25,62.1,26,86.2,26,12.9,6.3,26,25
145,-37.8,2020,2,4,2020-02-04,20.1,25,10.3,25,31.6 m,4.2,26,7.5,26,5.8,26,4.8,26,6,26,6.1,25,6,26,6.1,25,5.9,26,2024-10-19,1022.5,25,28.7,42,0,25,39.1,26,73.5,26,9.2,11,26,25
145,-37.8,2020,2,5,2020-02-05,21.1,25,10.4,25,31.6 m,4.8,26,6.5,26,5.7,26,4.5,26,5.4,26,5.3,25,5.8,26,5.3,25,5.6,26,2024-10-19,1021.4,25,27.3,42,0,25,46.8,26,92.8,26,11.7,9.5,26,25
145,-37.8,2020,2,6,2020-02-06,27.2,25,13.3,25,31.6 m,4.2,26,7.2,26,5.7,26,5.1,26,6.3,26,4.6,25,5.8,26,4.6,25,6,26,2024-10-19,1020.8,25,25,42,0,25,40.5,26,95.7,26,14.6,14.7,26,25
145,-37.8,2020,2,7,2020-02-07,24,25,16.3,25,31.6 m,4.5,26,4.5,26,4.5,26,3.1,26,3.3,26,3.4,25,4.5,26,3.4,25,3.7,26,2024-10-19,1022.2,25,17.8,42,0,25,72.1,26,100,26,21.5,5,26,25
145,-37.8,2020,2,8,2020-02-08,29.5,25,17.1,25,31.6 m,6.5,26,7.4,26,7,26,5.4,26,6.3,26,7.5,25,7.1,26,7.5,25,6.2,26,2024-10-19,1022.5,25,27.4,42,0,25,51.2,26,100,26,21.1,13.3,26,25
145,-37.8,2020,2,9,2020-02-09,27.8,25,19,25,31.6 m,2.6,26,7.1,26,4.9,26,4.7,26,6,26,6.1,25,4.9,26,6.1,25,5.3,26,2024-10-19,1018.7,25,19.3,42,0,25,45.2,26,77,26,16.9,15.9,26,25
145,-37.8,2020,2,10,2020-02-10,27.5,25,18.2,25,31.6 m,2.7,26,5.2,26,4,26,3.7,26,4.6,26,2.3,25,4,26,2.3,25,4.3,26,2024-10-19,1011.7,25,14.9,42,0.8,25,53.9,26,94.8,26,19.8,12.2,26,25
145,-37.8,2020,2,11,2020-02-11,26.8,25,18.5,25,31.6 m,4.7,26,5.4,26,5,26,4,26,4.6,26,3.9,25,5.1,26,3.9,25,4.5,26,2024-10-19,1008.9,25,19.7,42,0.1,25,62.2,26,100,26,21.9,9.3,26,25
145,-37.8,2020,2,12,2020-02-12,27.9,25,18.6,25,31.6 m,4.3,26,5.5,26,4.9,26,4,26,4.8,26,4,25,5,26,4,25,4.6,26,2024-10-19,1013.3,25,18.9,42,0,25,58.3,26,100,26,21.9,10.9,26,25
145,-37.8,2020,2,13,2020-02-13,31.9,25,18.5,25,31.6 m,5.1,26,8.3,26,6.7,26,5.8,26,7.1,26,6.4,25,6.8,26,6.4,25,6.7,26,2024-10-19,1013.3,25,25.8,42,0,25,43.1,26,95.8,26,20.4,18.6,26,25
145,-37.8,2020,2,14,2020-02-14,34.4,25,19.7,25,31.6 m,1.5,26,5.8,26,3.6,26,3.9,26,5.3,26,4.9,25,3.6,26,4.9,25,5,26,2024-10-19,1007.8,25,10.6,42,3.4,25,43,26,100,26,23.4,20.8,26,25
145,-37.8,2020,2,15,2020-02-15,19.2,25,18.6,25,31.6 m,0.4,26,0.4,26,0.4,26,0.7,26,0.7,26,2.1,25,0.4,26,2.1,25,1,26,2024-10-19,1009.6,25,2.7,42,5.6,25,97.6,26,100,26,21.7,0.3,26,25
145,-37.8,2020,2,16,2020-02-16,26.5,25,16.4,25,31.6 m,4.6,26,6.8,26,5.7,26,4.7,26,5.7,26,4.6,25,5.8,26,4.6,25,5.5,26,2024-10-19,1014,25,24.1,42,2.3,25,50.3,26,93.3,26,17.4,12.4,26,25
145,-37.8,2020,2,17,2020-02-17,27.1,25,14.5,25,31.6 m,5.2,26,7.2,26,6.2,26,5,26,6.1,26,5.1,25,6.3,26,5.1,25,6,26,2024-10-19,1012.9,25,26.4,42,0,25,46,26,100,26,16.5,13.2,26,25
145,-37.8,2020,2,18,2020-02-18,21.8,25,17.3,25,31.6 m,1.8,26,1.8,26,1.8,26,1.5,26,1.7,26,4.1,25,1.8,26,4.1,25,1.9,26,2024-10-19,1005.8,25,6.6,42,0,25,81.2,26,100,26,21.2,3.2,26,25
145,-37.8,2020,2,19,2020-02-19,19.7,25,13.3,25,31.6 m,3.1,26,3.4,26,3.3,26,2.4,26,2.8,26,4.1,25,3.3,26,4.1,25,3.1,26,2024-10-19,1008.7,25,13,42,33.4,25,68,26,100,26,15.6,5.2,26,25
145,-37.8,2020,2,20,2020-02-20,18.8,25,13.5,25,31.6 m,1.5,26,4.6,26,3.1,26,3.1,26,4,26,3.1,25,3.1,26,3.1,25,3.7,26,2024-10-19,1015.1,25,14.9,42,4.3,25,53.9,26,75.7,26,11.7,8.3,26,25
145,-37.8,2020,2,21,2020-02-21,19.9,25,12.9,25,31.6 m,3,26,3.4,26,3.2,26,2.6,26,3.1,26,4,25,3.3,26,4,25,3.4,26,2024-10-19,1019.1,25,15.2,42,2.1,25,66.3,26,100,26,15.4,5.4,26,25
145,-37.8,2020,2,22,2020-02-22,21.9,25,11.1,25,31.6 m,4.3,26,6.3,26,5.3,26,4.2,26,5.2,26,5.3,25,5.4,26,5.3,25,5.4,26,2024-10-19,1023,25,25.4,42,0.1,25,46.8,26,93.1,26,12.3,9.9,26,25
145,-37.8,2020,2,23,2020-02-23,33.8,25,12.6,25,31.6 m,2.2,26,7.6,26,4.9,26,5.5,26,7.4,26,6.5,25,5,26,6.5,25,6.9,26,2024-10-19,1020.3,25,20.3,42,0,25,28.9,26,100,26,15.2,23.7,26,25
145,-37.8,2020,2,24,2020-02-24,25.3,25,16.2,25,31.6 m,1.6,26,3.1,26,2.3,26,2.3,26,2.9,26,3,25,2.3,26,3,25,2.9,26,2024-10-19,1018.7,25,7.9,42,0.1,25,60.5,26,100,26,19.5,8.6,26,25
145,-37.8,2020,2,25,2020-02-25,31.6,25,17.9,25,31.6 m,0.9,26,4.7,26,2.8,26,3.2,26,4.4,26,5.7,25,2.8,26,5.7,25,4.1,26,2024-10-19,1011.6,25,8.2,42,3.5,25,45.6,26,100,26,21.2,17,26,25
145,-37.8,2020,2,26,2020-02-26,19.7,25,15.5,25,31.6 m,2,26,5.3,26,3.7,26,3.5,26,4.5,26,4.4,25,3.7,26,4.4,25,4.1,26,2024-10-19,1007.1,25,17.4,42,2.8,25,54.5,26,71,26,12.5,9,26,25
145,-37.8,2020,2,27,2020-02-27,19.8,25,8.5,25,31.6 m,0.6,26,4,26,2.3,26,2.9,26,3.8,26,4.3,25,2.3,26,4.3,25,3.5,26,2024-10-19,1012.7,25,11.8,42,0.9,25,42.9,26,89.3,26,9.9,9.4,26,25
145,-37.8,2020,2,28,2020-02-28,20.1,25,12.8,25,31.6 m,2.5,26,3.8,26,3.1,26,2.8,26,3.4,26,2.7,25,3.1,26,2.7,25,3.5,26,2024-10-19,1014.9,25,14.9,42,0.1,25,60.8,26,96.8,26,14.3,6.7,26,25
145,-37.8,2020,2,29,2020-02-29,23,25,13.6,25,31.6 m,3.7,26,5.5,26,4.6,26,3.8,26,4.6,26,4.5,25,4.6,26,4.5,25,4.8,26,2024-10-19,1016.4,25,21.2,25,0,25,52.7,26,95.1,26,14.8,9.5,26,25
145,-37.8,2020,3,1,2020-03-01,32.5,25,11.9,25,31.6 m,2.9,26,7.1,26,5,26,5.2,26,6.8,26,6.4,25,5.1,26,6.4,25,6.1,26,2024-10-19,1009.6,25,21.3,42,0,25,32.3,26,100,26,15.8,20.6,26,25
145,-37.8,2020,3,2,2020-03-02,18.7,25,13.5,25,31.6 m,3.4,26,5.2,26,4.3,26,3.5,26,4.2,26,5.3,25,4.4,26,5.3,25,3.9,26,2024-10-19,1014.8,25,21.2,42,2.8,25,58.9,26,82.1,26,12.7,7.2,26,25
145,-37.8,2020,3,3,2020-03-03,19.9,25,13.9,25,31.6 m,1.1,26,5.6,26,3.3,26,3.5,26,4.7,26,3.9,25,3.4,26,3.9,25,3.8,26,2024-10-19,1021,25,16.5,42,0,25,45.6,26,66.8,26,10.6,10.6,26,25
145,-37.8,2020,3,4,2020-03-04,22.9,25,13.1,25,31.6 m,0.5,26,3.3,26,1.9,26,2.4,26,3.4,26,2.9,25,1.9,26,2.9,25,2.6,26,2024-10-19,1016.6,25,6.6,42,0,25,49.8,26,92.3,26,13.9,10.1,26,25
145,-37.8,2020,3,5,2020-03-05,20.3,25,15,25,31.6 m,0.6,26,0.6,26,0.6,26,0.8,26,0.9,26,1.3,25,0.5,26,1.3,25,1.1,26,2024-10-19,1003.5,25,3.6,42,54.5,25,84.4,26,100,26,20.1,1.8,26,25
145,-37.8,2020,3,6,2020-03-06,19.2,25,15.3,25,31.6 m,2.4,26,3.6,26,3,26,2.6,26,3.1,26,3,25,3,26,3,25,2.8,26,2024-10-19,1014.1,25,14,42,9.2,25,68.8,26,88.1,26,15.3,5.6,26,25
145,-37.8,2020,3,7,2020-03-07,20.3,25,14.7,25,31.6 m,2.2,26,4.4,26,3.3,26,3,26,3.8,26,2.8,25,3.3,26,2.8,25,3.3,26,2024-10-19,1022.2,25,15.6,42,0.1,25,59.2,26,84.4,26,14.1,7.7,26,25
145,-37.8,2020,3,8,2020-03-08,22.3,25,12.4,25,31.6 m,3.4,26,5,26,4.2,26,3.5,26,4.3,26,4.3,25,4.3,26,4.3,25,4,26,2024-10-19,1021.6,25,20.3,42,0,25,53.1,26,99.4,26,14.3,8.8,26,25
145,-37.8,2020,3,9,2020-03-09,21.1,25,11.7,25,31.6 m,2.9,26,5,26,3.9,26,3.4,26,4.3,26,4.7,25,4,26,4.7,25,4,26,2024-10-19,1022.7,25,19.6,42,0,25,50.8,26,92.4,26,12.7,8.9,26,25
145,-37.8,2020,3,10,2020-03-10,23.2,25,9.3,25,31.6 m,3.7,26,5.2,26,4.5,26,3.7,26,4.6,26,3.5,25,4.5,26,3.5,25,4.5,26,2024-10-19,1021.9,25,22,42,0,25,46.1,26,100,26,13.1,9.9,26,25
145,-37.8,2020,3,11,2020-03-11,29.6,25,12.3,25,31.6 m,2.5,26,5.8,26,4.1,26,4.2,26,5.5,26,5.9,25,4.2,26,5.9,25,5,26,2024-10-19,1020.8,25,18.2,42,0,25,38.6,26,100,26,16,16.2,26,25
145,-37.8,2020,3,12,2020-03-12,29.4,25,16.3,25,31.6 m,1.2,26,7.9,26,4.6,26,4.9,26,6.6,26,8.6,25,4.6,26,8.6,25,5.7,26,2024-10-19,1020.9,25,19.8,42,0,25,32.2,26,71.3,26,13.2,20.7,26,25
145,-37.8,2020,3,13,2020-03-13,27,25,18.6,25,31.6 m,0.1,26,4.3,26,2.2,26,3.7,26,5.4,26,4.9,25,2.2,26,4.9,25,4,26,2024-10-19,1013.7,25,7.9,42,0,25,35.1,26,58.4,26,12.5,19,26,25
145,-37.8,2020,3,14,2020-03-14,17.9,25,12.5,25,31.6 m,0.3,26,4.7,26,2.5,26,3.2,26,4.4,26,3.3,25,2.6,26,3.3,25,3.4,26,2024-10-19,1023.4,25,13.4,42,0.5,25,42,26,59.4,26,8.6,10.2,26,25
145,-37.8,2020,3,15,2020-03-15,19.2,25,11.9,25,31.6 m,0.8,26,3.5,26,2.1,26,2.4,26,3.2,26,3.5,25,2.1,26,3.5,25,2.7,26,2024-10-19,1025,25,10.6,42,0,25,54.4,26,86.9,26,12.1,7.7,26,25
145,-37.8,2020,3,16,2020-03-16,26,25,8.4,25,31.6 m,2.7,26,5.6,26,4.2,26,4,26,5.2,26,4.4,25,4.2,26,4.4,25,4.9,26,2024-10-19,1026.8,25,20.7,42,0,25,36.9,26,100,26,12.4,13.4,26,25
145,-37.8,2020,3,17,2020-03-17,28.1,25,11.1,25,31.6 m,2.3,26,6.3,26,4.3,26,4.3,26,5.7,26,5,25,4.3,26,5,25,5.2,26,2024-10-19,1026.1,25,20,42,0,25,35.3,26,100,26,13.4,16.2,26,25
145,-37.8,2020,3,18,2020-03-18,28.3,25,17.6,25,31.6 m,0.1,26,4.7,26,2.4,26,4,26,5.9,26,5.6,25,2.4,26,5.6,25,4.5,26,2024-10-19,1021.6,25,9.2,42,0,25,29.6,26,56.7,26,11.4,21.5,26,25
145,-37.8,2020,3,19,2020-03-19,30.3,25,18.4,25,31.6 m,0.1,26,4.7,26,2.4,26,3.9,26,5.7,26,6.2,25,2.4,26,6.2,25,4.5,26,2024-10-19,1018.8,25,8.2,42,0,25,32.2,26,65.7,26,13.9,22.4,26,25
145,-37.8,2020,3,20,2020-03-20,22.9,25,13.8,25,31.6 m,0.5,26,4.2,26,2.3,26,2.9,26,4,26,4.4,25,2.4,26,4.4,25,3.2,26,2024-10-19,1016,25,10.7,42,0,25,46.9,26,83.1,26,13.1,11.2,26,25
145,-37.8,2020,3,21,2020-03-21,18.7,25,13.8,25,31.6 m,0.5,26,3.8,26,2.1,26,2.6,26,3.5,26,2.7,25,2.2,26,2.7,25,2.8,26,2024-10-19,1022.3,25,10.7,42,0.2,25,53.4,26,72.9,26,11.5,8.5,26,25
145,-37.8,2020,3,22,2020-03-22,18.5,25,11.3,25,31.6 m,2.2,26,3.1,26,2.7,26,2.3,26,2.8,26,3.4,25,2.7,26,3.4,25,2.8,26,2024-10-19,1022.4,25,14.1,42,0,25,63,26,100,26,13.4,5.6,26,25
145,-37.8,2020,3,23,2020-03-23,17.4,25,12,25,31.6 m,0.5,26,3.3,26,1.9,26,2.4,26,3.2,26,2.7,25,2,26,2.7,25,2.6,26,2024-10-19,1028.2,25,10.2,42,0.8,25,54.9,26,77.8,26,10.9,7.3,26,25
145,-37.8,2020,3,24,2020-03-24,18.5,25,7.8,25,31.6 m,1.6,26,3.9,26,2.8,26,2.7,26,3.5,26,2.8,25,2.8,26,2.8,25,3.4,26,2024-10-19,1024.6,25,15.8,42,0,25,47.4,26,95.5,26,10.1,7.9,26,25
145,-37.8,2020,3,25,2020-03-25,17.4,25,10.4,25,31.6 m,0.4,26,2.9,26,1.6,26,2.3,26,3.3,26,2.2,25,1.6,26,2.2,25,2.6,26,2024-10-19,1023.5,25,8.9,42,0,25,48.8,26,77,26,9.7,8.1,26,25
145,-37.8,2020,3,26,2020-03-26,20.7,25,13,25,31.6 m,2.1,26,4.1,26,3.1,26,2.8,26,3.5,26,3.3,25,3.1,26,3.3,25,3.4,26,2024-10-19,1027.2,25,15.8,42,0,25,56.5,26,92.2,26,13.8,7.9,26,25
145,-37.8,2020,3,27,2020-03-27,27.6,25,12.6,25,31.6 m,2.2,26,5.4,26,3.8,26,3.7,26,4.9,26,6,25,3.8,26,6,25,4.6,26,2024-10-19,1025.4,25,17.7,42,0,25,41.4,26,100,26,15.3,14.3,26,25
145,-37.8,2020,3,28,2020-03-28,27.6,25,13.7,25,31.6 m,1.2,26,6.4,26,3.8,26,4,26,5.5,26,7.6,25,3.9,26,7.6,25,5,26,2024-10-19,1021.3,25,17.9,42,0,25,35.8,26,84.3,26,13.2,16.9,26,25
145,-37.8,2020,3,29,2020-03-29,26.6,25,16.8,25,31.6 m,0.1,26,4.5,26,2.3,26,3.6,26,5.3,26,2.9,25,2.3,26,2.9,25,4.1,26,2024-10-19,1012.8,25,9.8,42,0,25,33.9,26,61.7,26,11.8,18.3,26,25
145,-37.8,2020,3,30,2020-03-30,21.8,25,15.5,25,31.6 m,1.4,26,4.1,26,2.8,26,2.7,26,3.5,26,2.6,25,2.8,26,2.6,25,3.2,26,2024-10-19,1012.9,25,13.3,42,4.9,25,57.5,26,85.2,26,15,8.7,26,25
145,-37.8,2020,3,31,2020-03-31,21.5,25,10.9,25,31.6 m,2.2,26,3.7,26,2.9,26,2.6,26,3.3,26,3.4,25,3,26,3.4,25,3.4,26,2024-10-19,1018.2,25,15.5,42,0,25,54.2,26,100,26,13.9,7.9,26,25
145,-37.8,2020,4,1,2020-04-01,23.6,25,8.4,25,31.6 m,1.7,26,4.2,26,3,26,3,26,4,26,3,25,3,26,3,25,3.4,26,2024-10-19,1019,25,15.8,42,0,25,42.6,26,100,26,12.4,10.7,26,25
145,-37.8,2020,4,2,2020-04-02,20.4,25,12.1,25,31.6 m,1.4,26,1.4,26,1.4,26,1.2,26,1.4,26,1.6,25,1.4,26,1.6,25,1.6,26,2024-10-19,1008.2,25,5.2,42,24.9,25,71.8,26,100,26,17.2,3.9,26,25
145,-37.8,2020,4,3,2020-04-03,23.1,25,13.4,25,31.6 m,1.8,26,3.4,26,2.6,26,2.5,26,3.2,26,2.8,25,2.6,26,2.8,25,2.7,26,2024-10-19,1005.7,25,12.7,42,19.5,25,56.6,26,100,26,16,8.4,26,25
145,-37.8,2020,4,4,2020-04-04,16.3,25,12.5,25,31.6 m,1.2,26,1.9,26,1.6,26,1.4,26,1.8,26,5.3,25,1.5,26,5.3,25,1.6,26,2024-10-19,997.5,25,6.2,42,22.3,25,74,26,94.6,26,13.7,3.7,26,25
145,-37.8,2020,4,5,2020-04-05,16.3,25,8.7,25,31.6 m,0.6,26,1.8,26,1.2,26,1.5,26,2.1,26,1.3,25,1.2,26,1.3,25,1.9,26,2024-10-19,1006.1,25,5.2,42,2.4,25,58.8,26,97,26,10.9,5.5,26,25
145,-37.8,2020,4,6,2020-04-06,16.4,25,9.8,25,31.6 m,1.4,26,2.5,26,1.9,26,1.8,26,2.3,26,2.1,25,1.9,26,2.1,25,2,26,2024-10-19,1021.1,25,11.2,42,18.4,25,63.8,26,98.3,26,11.9,4.9,26,25
145,-37.8,2020,4,7,2020-04-07,16.3,25,11.5,25,31.6 m,0.9,26,2.4,26,1.6,26,1.7,26,2.2,26,1.3,25,1.6,26,1.3,25,1.9,26,2024-10-19,1024.3,25,9.1,42,1,25,66.4,26,90.7,26,12.3,4.9,26,25
145,-37.8,2020,4,8,2020-04-08,18.5,25,11.4,25,31.6 m,1.9,26,2,26,2,26,1.6,26,2,26,1.6,25,2,26,1.6,25,1.9,26,2024-10-19,1024.7,25,10.8,42,0.9,25,70,26,100,26,14.9,4.1,26,25
145,-37.8,2020,4,9,2020-04-09,21.6,25,8,25,31.6 m,2.1,26,3.6,26,2.8,26,2.5,26,3.3,26,3.8,25,2.9,26,3.8,25,2.9,26,2024-10-19,1027.3,25,15.9,42,0,25,48.9,26,100,26,12.6,8.3,26,25
145,-37.8,2020,4,10,2020-04-10,21.7,25,11.9,25,31.6 m,1.7,26,2.4,26,2.1,26,1.8,26,2.3,26,4.4,25,2,26,4.4,25,2.2,26,2024-10-19,1017.2,25,9,42,0.1,25,62,26,100,26,16.1,6.2,26,25
145,-37.8,2020,4,11,2020-04-11,15.6,25,12.6,25,31.6 m,0.6,26,3.3,26,1.9,26,2.2,26,2.9,26,3.3,25,2,26,3.3,25,2.2,26,2024-10-19,1006.3,25,11.4,42,0.7,25,59.8,26,72.7,26,10.6,6.3,26,25
145,-37.8,2020,4,12,2020-04-12,15,25,10.8,25,31.6 m,1.1,26,2.1,26,1.6,26,1.5,26,1.9,26,2.3,25,1.6,26,2.3,25,1.7,26,2024-10-19,1019.8,25,7.6,42,1.3,25,69.8,26,91.9,26,11.9,4,26,25
145,-37.8,2020,4,13,2020-04-13,18.5,25,11.3,25,31.6 m,1,26,3.9,26,2.4,26,2.4,26,3.3,26,2.2,25,2.5,26,2.2,25,2.7,26,2024-10-19,1021.7,25,14.1,42,0.1,25,51.7,26,82.2,26,11,8,26,25
145,-37.8,2020,4,14,2020-04-14,23,25,11.2,25,31.6 m,0.5,26,3.9,26,2.2,26,2.6,26,3.7,26,4.7,25,2.2,26,4.7,25,3.1,26,2024-10-19,1023.9,25,11.8,42,3.4,25,44.5,26,94,26,12.5,10.9,26,25
145,-37.8,2020,4,15,2020-04-15,23.5,25,14.2,25,31.6 m,0.4,26,4.1,26,2.2,26,2.9,26,4.1,26,3.7,25,2.2,26,3.7,25,3.3,26,2024-10-19,1020.9,25,11.3,42,0,25,42.8,26,76.6,26,12.4,12.7,26,25
145,-37.8,2020,4,16,2020-04-16,21.3,25,15.1,25,31.6 m,0.6,26,3.2,26,1.9,26,2.2,26,3.1,26,3.5,25,1.9,26,3.5,25,2.5,26,2024-10-19,1009.6,25,9.4,42,0.1,25,56.9,26,84,26,14.4,8.6,26,25
145,-37.8,2020,4,17,2020-04-17,18.5,25,10.2,25,31.6 m,0.6,26,2.9,26,1.7,26,2,26,2.7,26,2.3,25,1.7,26,2.3,25,2.4,26,2024-10-19,1014.8,25,10.3,42,0,25,54,26,92.5,26,11.5,7.2,26,25
145,-37.8,2020,4,18,2020-04-18,16.3,25,12.5,25,31.6 m,0.6,26,2.2,26,1.4,26,1.6,26,2.2,26,1.3,25,1.4,26,1.3,25,1.8,26,2024-10-19,1016,25,6.3,42,0,25,65.9,26,84.2,26,12.2,5.2,26,25
145,-37.8,2020,4,19,2020-04-19,18.9,25,10,25,31.6 m,0.9,26,3.1,26,2,26,2.1,26,2.8,26,1.9,25,2,26,1.9,25,2.5,26,2024-10-19,1016.1,25,11.9,42,0,25,53.6,26,95.3,26,11.7,7.3,26,25
145,-37.8,2020,4,20,2020-04-20,20.4,25,11.6,25,31.6 m,0.3,26,2.5,26,1.4,26,2.3,26,3.4,26,2.1,25,1.4,26,2.1,25,2.8,26,2024-10-19,1007.5,25,7.7,42,4.3,25,43.8,26,76.9,26,10.5,10.4,26,25
145,-37.8,2020,4,21,2020-04-21,19.4,25,7.8,25,31.6 m,0.6,26,2.6,26,1.6,26,2,26,2.7,26,2.2,25,1.6,26,2.2,25,2.5,26,2024-10-19,1016.6,25,9.8,42,0.1,25,49.3,26,100,26,11.1,7.7,26,25
145,-37.8,2020,4,22,2020-04-22,18.3,25,11.8,25,31.6 m,0.6,26,2.6,26,1.6,26,1.9,26,2.6,26,2.1,25,1.6,26,2.1,25,2.2,26,2024-10-19,1020.2,25,9.3,42,0,25,58,26,88.2,26,12.2,6.8,26,25
145,-37.8,2020,4,23,2020-04-23,19.6,25,8.7,25,31.6 m,0.6,26,2.6,26,1.6,26,1.9,26,2.6,26,2.9,25,1.6,26,2.9,25,2.4,26,2024-10-19,1018.4,25,9.9,42,0,25,51.8,26,100,26,11.8,7.4,26,25
145,-37.8,2020,4,24,2020-04-24,22.2,25,14,25,31.6 m,0.8,26,3.9,26,2.3,26,2.4,26,3.3,26,3.5,25,2.3,26,3.5,25,2.9,26,2024-10-19,1018.2,25,12.6,42,0.4,25,52.3,26,87.6,26,14,9.6,26,25
145,-37.8,2020,4,25,2020-04-25,21.5,25,10,25,31.6 m,0.8,26,2.8,26,1.8,26,2,26,2.7,26,1.7,25,1.8,26,1.7,25,2.6,26,2024-10-19,1019,25,10.6,42,0,25,52.3,26,100,26,13.4,8.1,26,25
145,-37.8,2020,4,26,2020-04-26,17.5,25,15,25,31.6 m,1.7,26,2,26,1.8,26,1.3,26,1.6,26,1.9,25,1.8,26,1.9,25,1.5,26,2024-10-19,1012.8,25,7,42,14.2,25,80.5,26,94.5,26,16.1,3.1,26,25
145,-37.8,2020,4,27,2020-04-27,17.9,25,7.4,25,31.6 m,0.8,26,3.1,26,1.9,26,1.9,26,2.7,26,2.2,25,1.9,26,2.2,25,2.5,26,2024-10-19,1024.9,25,12.7,42,0.8,25,49.8,26,99.1,26,10.2,7.1,26,25
145,-37.8,2020,4,28,2020-04-28,19.1,25,6.7,25,31.6 m,0.6,26,2.5,26,1.6,26,1.9,26,2.7,26,1.4,25,1.6,26,1.4,25,2.5,26,2024-10-19,1019.9,25,10.4,42,0,25,48,26,100,26,10.6,7.6,26,25
145,-37.8,2020,4,29,2020-04-29,19.7,25,11.5,25,31.6 m,1,26,1,26,1,26,0.9,26,1.1,26,3.4,25,0.9,26,3.4,25,1.5,26,2024-10-19,1005.6,25,3.7,42,3.7,25,73.2,26,100,26,16.8,3.4,26,25
145,-37.8,2020,4,30,2020-04-30,15.3,25,8.6,25,31.6 m,0.5,26,1.5,26,1,26,1.4,26,2,26,1.8,25,1,26,1.8,25,1.8,26,2024-10-19,1006.6,25,6.2,42,29.1,25,59.9,26,93.1,26,10.4,5.2,26,25
145,-37.8,2020,5,1,2020-05-01,12.8,25,7.4,25,31.6 m,0.5,26,1.2,26,0.9,26,1.4,26,1.9,26,2,25,0.8,26,2,25,1.4,26,2024-10-19,1001,25,6.1,42,12.8,25,60.2,26,86.5,26,8.9,4.6,26,25
145,-37.8,2020,5,2,2020-05-02,13.8,25,8.3,25,31.6 m,0.6,26,1.4,26,1,26,1.3,26,1.7,26,2.2,25,1,26,2.2,25,1.3,26,2024-10-19,1005.4,25,7.1,42,0.8,25,65.3,26,94.1,26,10.3,4.1,26,25
145,-37.8,2020,5,3,2020-05-03,14.7,25,9.3,25,31.6 m,0.5,26,2,26,1.3,26,1.5,26,2.1,26,1.3,25,1.3,26,1.3,25,1.5,26,2024-10-19,1023.1,25,8.9,42,1.6,25,60.4,26,86.3,26,10.1,5.2,26,25
145,-37.8,2020,5,4,2020-05-04,14.4,25,9.3,25,31.6 m,1.2,26,1.5,26,1.3,26,1,26,1.3,26,1.2,25,1.3,26,1.2,25,1.2,26,2024-10-19,1029.5,25,6.7,42,2.1,25,73.8,26,100,26,12.1,3,26,25
145,-37.8,2020,5,5,2020-05-05,19.3,25,7.1,25,31.6 m,1.3,26,2.3,26,1.8,26,1.6,26,2.2,26,2.7,25,1.8,26,2.7,25,1.9,26,2024-10-19,1030.5,25,11.8,42,0.3,25,54.5,26,100,26,12.2,6.3,26,25
145,-37.8,2020,5,6,2020-05-06,19.8,25,10,25,31.6 m,0.5,26,2.6,26,1.5,26,1.9,26,2.7,26,2.8,25,1.6,26,2.8,25,2,26,2024-10-19,1026,25,10.1,42,0,25,50.7,26,95.3,26,11.7,8.1,26,25
145,-37.8,2020,5,7,2020-05-07,21.3,25,14.1,25,31.6 m,0.2,26,2.3,26,1.2,26,2.3,26,3.5,26,3.8,25,1.2,26,3.8,25,2.4,26,2024-10-19,1014.9,25,6.8,42,0,25,44.6,26,70.3,26,11.3,11.4,26,25
145,-37.8,2020,5,8,2020-05-08,19.4,25,12.4,25,31.6 m,0.5,26,2.9,26,1.7,26,1.9,26,2.8,26,2,25,1.7,26,2,25,2,26,2024-10-19,1013.4,25,10.7,42,0,25,52.9,26,82.7,26,11.9,8.3,26,25
145,-37.8,2020,5,9,2020-05-09,13.9,25,12.7,25,31.6 m,0.6,26,1.3,26,1,26,1.2,26,1.6,26,4.9,25,0.9,26,4.9,25,1.2,26,2024-10-19,1006.9,25,4,42,0.4,25,76.2,26,82.4,26,12.1,3.5,26,25
145,-37.8,2020,5,10,2020-05-10,14.4,25,6.3,25,31.6 m,0.4,26,1.8,26,1.1,26,1.6,26,2.3,26,2.3,25,1.1,26,2.3,25,1.7,26,2024-10-19,1023,25,8.7,42,5.2,25,50,26,85.9,26,8.2,6.2,26,25
145,-37.8,2020,5,11,2020-05-11,16.9,25,6.8,25,31.6 m,0.6,26,1.5,26,1,26,1.4,26,2.1,26,2.1,25,1,26,2.1,25,1.7,26,2024-10-19,1028.6,25,7.6,42,2.7,25,54,26,100,26,10.4,6,26,25
145,-37.8,2020,5,12,2020-05-12,14.9,25,9.9,25,31.6 m,0.5,26,1.8,26,1.2,26,1.5,26,2.2,26,1.2,25,1.2,26,1.2,25,1.6,26,2024-10-19,1023.9,25,8.6,42,0.1,25,59.1,26,82,26,10,5.6,26,25
145,-37.8,2020,5,13,2020-05-13,14.5,25,10,25,31.6 m,0.8,26,1.6,26,1.2,26,1.1,26,1.5,26,1.5,25,1.2,26,1.5,25,1.3,26,2024-10-19,1025,25,9,42,1.3,25,71.5,26,96.2,26,11.8,3.5,26,25
145,-37.8,2020,5,14,2020-05-14,14.8,25,5.8,25,31.6 m,0.6,26,1.9,26,1.3,26,1.3,26,1.9,26,1.3,25,1.3,26,1.3,25,1.6,26,2024-10-19,1030.4,25,10,42,2.8,25,55.3,26,100,26,9.3,5.2,26,25
145,-37.8,2020,5,15,2020-05-15,15.3,25,3.8,25,31.6 m,0.6,26,2.2,26,1.4,26,1.5,26,2.1,26,1.1,25,1.4,26,1.1,25,1.8,26,2024-10-19,1032,25,10.9,42,0,25,48.3,26,100,26,8.4,6,26,25
145,-37.8,2020,5,16,2020-05-16,17.9,25,3.5,25,31.6 m,0.7,26,2.1,26,1.4,26,1.5,26,2.2,26,3,25,1.4,26,3,25,1.9,26,2024-10-19,1031.1,25,10.8,42,0,25,47.3,26,100,26,9.7,6.6,26,25
145,-37.8,2020,5,17,2020-05-17,18.1,25,4.3,25,31.6 m,0.6,26,2.2,26,1.4,26,1.6,26,2.4,26,1.3,25,1.4,26,1.3,25,2,26,2024-10-19,1032.9,25,10.7,42,0,25,45.3,26,100,26,9.4,7.3,26,25
145,-37.8,2020,5,18,2020-05-18,19.1,25,3.8,25,31.6 m,0.6,26,2.2,26,1.4,26,1.6,26,2.4,26,1.4,25,1.4,26,1.4,25,2,26,2024-10-19,1031.4,25,10.6,42,0,25,45.3,26,100,26,10,7.3,26,25
145,-37.8,2020,5,19,2020-05-19,17.5,25,7.8,25,31.6 m,0.5,26,1,26,0.8,26,1.4,26,2.1,26,2.2,25,0.7,26,2.2,25,1.7,26,2024-10-19,1024.5,25,5.5,42,0,25,54,26,100,26,10.8,6.3,26,25
145,-37.8,2020,5,20,2020-05-20,15.5,25,10,25,31.6 m,0.6,26,1.4,26,1,26,1.2,26,1.6,26,2.1,25,1,26,2.1,25,1.4,26,2024-10-19,1013.1,25,7.9,42,17.8,25,66.5,26,95.3,26,11.7,4.4,26,25
145,-37.8,2020,5,21,2020-05-21,13.6,25,9.2,25,31.6 m,0.9,26,1.1,26,1,26,0.9,26,1.1,26,1.9,25,1,26,1.9,25,1.1,26,2024-10-19,1016.8,25,6,42,14.3,25,75.8,26,100,26,11.8,2.7,26,25
145,-37.8,2020,5,22,2020-05-22,13.3,25,8.7,25,31.6 m,0.7,26,1.2,26,0.9,26,1,26,1.4,26,1.7,25,0.9,26,1.7,25,1.3,26,2024-10-19,1021.5,25,8,42,10.7,25,69.4,26,94.3,26,10.6,3.6,26,25
145,-37.8,2020,5,23,2020-05-23,13.4,25,8.8,25,31.6 m,1.1,26,1.1,26,1.1,26,0.7,26,0.9,26,0.6,25,1.1,26,0.6,25,1,26,2024-10-19,1018.5,25,5.6,42,0.2,25,79.4,26,100,26,12.2,2,26,25
145,-37.8,2020,5,24,2020-05-24,13.7,25,10.2,25,31.6 m,0.5,26,1.5,26,1,26,1.3,26,1.9,26,1.2,25,1,26,1.2,25,1.4,26,2024-10-19,1021.8,25,8.1,42,2.3,25,64.5,26,81.2,26,10.1,4.7,26,25
145,-37.8,2020,5,25,2020-05-25,15.5,25,4.7,25,31.6 m,1.1,26,1.3,26,1.2,26,1,26,1.3,26,1.3,25,1.2,26,1.3,25,1.5,26,2024-10-19,1025.8,25,10,42,0.4,25,60.8,26,100,26,10.7,4.1,26,25
145,-37.8,2020,5,26,2020-05-26,18.3,25,3.4,25,31.6 m,0.5,26,1.8,26,1.1,26,1.6,26,2.4,26,1.4,25,1.1,26,1.4,25,2,26,2024-10-19,1026.3,25,9.4,42,0.1,25,42.8,26,100,26,9,7.6,26,25
145,-37.8,2020,5,27,2020-05-27,16.6,25,5.4,25,31.6 m,0.7,26,1.2,26,0.9,26,1.1,26,1.6,26,1.9,25,0.9,26,1.9,25,1.6,26,2024-10-19,1021,25,8.1,42,0,25,56.7,26,100,26,10.7,5.1,26,25
145,-37.8,2020,5,28,2020-05-28,17.6,25,10.5,25,31.6 m,0.4,26,1.4,26,0.9,26,1.4,26,2.2,26,1.6,25,0.9,26,1.6,25,1.7,26,2024-10-19,1022,25,7,42,0,25,56.2,26,89.1,26,11.3,6.7,26,25
145,-37.8,2020,5,29,2020-05-29,17,25,6.5,25,31.6 m,0.7,26,1.5,26,1.1,26,1.2,26,1.7,26,1.5,25,1.1,26,1.5,25,1.6,26,2024-10-19,1027.1,25,9.2,42,0,25,57.3,26,100,26,11.1,5.3,26,25
145,-37.8,2020,5,30,2020-05-30,16.9,25,8,25,31.6 m,0.6,26,1.8,26,1.2,26,1.3,26,1.9,26,2.7,25,1.2,26,2.7,25,1.7,26,2024-10-19,1023.4,25,9.4,42,0,25,55.6,26,99.8,26,10.7,6,26,25
145,-37.8,2020,5,31,2020-05-31,17.3,25,12,25,31.6 m,0.4,26,2,26,1.2,26,1.6,26,2.4,26,2.2,25,1.1,26,2.2,25,1.9,26,2024-10-19,1012.9,25,8.8,42,0,25,54.2,26,76.3,26,10.7,7.4,26,25
145,-37.8,2020,6,1,2020-06-01,10.9,25,9,25,31.6 m,0.7,26,0.8,26,0.7,26,0.8,26,1.1,26,1.6,25,0.7,26,1.6,25,0.9,26,2024-10-19,1004.6,25,3.9,42,4.9,25,79.8,26,90.7,26,10.4,2.2,26,25
145,-37.8,2020,6,2,2020-06-02,15.2,25,8.2,25,31.6 m,0.5,26,0.8,26,0.7,26,1.1,26,1.6,26,1.4,25,0.7,26,1.4,25,1.3,26,2024-10-19,1019.3,25,5.7,42,11.7,25,62,26,98.5,26,10.7,4.7,26,25
145,-37.8,2020,6,3,2020-06-03,13.9,25,9.7,25,31.6 m,0.6,26,1.1,26,0.8,26,1,26,1.5,26,1.6,25,0.8,26,1.6,25,1.1,26,2024-10-19,1028.8,25,7.4,42,0.5,25,68.7,26,90.6,26,10.9,3.9,26,25
145,-37.8,2020,6,4,2020-06-04,14.1,25,9.1,25,31.6 m,0.5,26,1.7,26,1.1,26,1.2,26,1.8,26,1.6,25,1.1,26,1.6,25,1.3,26,2024-10-19,1034.9,25,9.3,42,0,25,60.9,26,84.8,26,9.8,5,26,25
145,-37.8,2020,6,5,2020-06-05,14.7,25,2.7,25,31.6 m,0.6,26,1.4,26,1,26,1.1,26,1.7,26,0.8,25,1,26,0.8,25,1.4,26,2024-10-19,1031.1,25,9.4,42,0,25,51.4,26,100,26,8.6,5.1,26,25
145,-37.8,2020,6,6,2020-06-06,13.4,25,5.4,25,31.6 m,0.5,26,0.7,26,0.6,26,1,26,1.4,26,1,25,0.6,26,1,25,1.2,26,2024-10-19,1026.8,25,5.7,42,0,25,60.5,26,100,26,9.3,4.2,26,25
145,-37.8,2020,6,7,2020-06-07,11.9,25,7.6,25,31.6 m,0.6,26,0.8,26,0.7,26,0.9,26,1.3,26,0.8,25,0.7,26,0.8,25,1.1,26,2024-10-19,1027,25,6.9,42,0,25,68.9,26,92,26,9.6,3.4,26,25
145,-37.8,2020,6,8,2020-06-08,12.8,25,4,25,31.6 m,0.7,26,1,26,0.9,26,0.9,26,1.2,26,1.1,25,0.8,26,1.1,25,1.1,26,2024-10-19,1031.9,25,8.4,42,0,25,61.6,26,100,26,9.1,3.7,26,25
145,-37.8,2020,6,9,2020-06-09,14.9,25,0.9,25,31.6 m,0.6,26,1.4,26,1,26,1.2,26,1.8,26,1.8,25,1,26,1.8,25,1.5,26,2024-10-19,1033.7,25,9.3,42,0.1,25,46.1,26,100,26,7.8,5.7,26,25
145,-37.8,2020,6,10,2020-06-10,16.7,25,3.6,25,31.6 m,0.6,26,1.2,26,0.9,26,1.2,26,1.8,26,0.7,25,0.9,26,0.7,25,1.5,26,2024-10-19,1028.7,25,8.3,42,0,25,50,26,100,26,9.5,5.9,26,25
145,-37.8,2020,6,11,2020-06-11,16.4,25,3.4,25,31.6 m,0.5,26,1.4,26,1,26,1.3,26,2,26,1.4,25,1,26,1.4,25,1.6,26,2024-10-19,1026.5,25,8.9,42,0,25,47.2,26,100,26,8.8,6.3,26,25
145,-37.8,2020,6,12,2020-06-12,15.2,25,2.7,25,31.6 m,0.6,26,1.4,26,1,26,1.1,26,1.7,26,1.3,25,1,26,1.3,25,1.4,26,2024-10-19,1025.7,25,9.1,42,0,25,50.4,26,100,26,8.7,5.4,26,25
145,-37.8,2020,6,13,2020-06-13,16.1,25,5.4,25,31.6 m,0.7,26,0.7,26,0.7,26,0.9,26,1.2,26,1.2,25,0.6,26,1.2,25,1.2,26,2024-10-19,1016.1,25,3.3,42,0,25,61.8,26,100,26,11.3,4.1,26,25
145,-37.8,2020,6,14,2020-06-14,14.9,25,10.1,25,31.6 m,0.4,26,1.5,26,1,26,1.3,26,2,26,2.3,25,0.9,26,2.3,25,1.4,26,2024-10-19,1013.7,25,8.3,42,6.2,25,59.1,26,80.9,26,10,5.7,26,25
145,-37.8,2020,6,15,2020-06-15,18.1,25,11,25,31.6 m,0.6,26,1.4,26,1,26,1.1,26,1.6,26,2.7,25,1,26,2.7,25,1.4,26,2024-10-19,1018.1,25,8.1,42,0.1,25,63.6,26,100,26,13.2,5.4,26,25
145,-37.8,2020,6,16,2020-06-16,17.6,25,12.5,25,31.6 m,0.4,26,1.3,26,0.8,26,1.4,26,2.1,26,1.2,25,0.8,26,1.2,25,1.5,26,2024-10-19,1019.9,25,6.7,42,0,25,60.7,26,84.2,26,12.2,6.4,26,25
145,-37.8,2020,6,17,2020-06-17,14.5,25,9.4,25,31.6 m,0.8,26,1.2,26,1,26,0.8,26,1.2,26,0.7,25,1,26,0.7,25,1.1,26,2024-10-19,1034.1,25,8.5,42,0.4,25,72.1,26,100,26,11.9,3.3,26,25
145,-37.8,2020,6,18,2020-06-18,16.8,25,3.2,25,31.6 m,0.5,26,1.5,26,1,26,1.3,26,2.1,26,1.3,25,1,26,1.3,25,1.6,26,2024-10-19,1035.5,25,9.1,42,0,25,45.5,26,100,26,8.7,6.7,26,25
145,-37.8,2020,6,19,2020-06-19,17.9,25,6.1,25,31.6 m,0.7,26,1.2,26,1,26,1.1,26,1.6,26,1.6,25,1,26,1.6,25,1.4,26,2024-10-19,1025.3,25,8.6,42,0,25,56.6,26,100,26,11.6,5.4,26,25
145,-37.8,2020,6,20,2020-06-20,16.7,25,12.2,25,31.6 m,0.6,26,1.5,26,1,26,1.1,26,1.6,26,2.1,25,1,26,2.1,25,1.3,26,2024-10-19,1016.4,25,8.4,42,1.4,25,67.9,26,90.8,26,12.9,4.8,26,25
145,-37.8,2020,6,21,2020-06-21,11.7,25,5.8,25,31.6 m,0.8,26,0.8,26,0.8,26,0.6,26,0.8,26,0.7,25,0.8,26,0.7,25,0.9,26,2024-10-19,1011.3,25,4.7,42,0,25,75,26,100,26,10.3,2.2,26,25
145,-37.8,2020,6,22,2020-06-22,12.8,25,7.7,25,31.6 m,0.5,26,0.6,26,0.6,26,0.9,26,1.3,26,1.1,25,0.6,26,1.1,25,1.1,26,2024-10-19,1010.8,25,5.7,42,0.6,25,67.7,26,95.2,26,10,3.6,26,25
145,-37.8,2020,6,23,2020-06-23,14.4,25,8.8,25,31.6 m,0.8,26,0.9,26,0.8,26,0.7,26,1,26,1.4,25,0.8,26,1.4,25,1,26,2024-10-19,1014,25,7.9,42,3.1,25,74.4,26,100,26,12.2,2.8,26,25
145,-37.8,2020,6,24,2020-06-24,15.3,25,9.9,25,31.6 m,0.9,26,0.9,26,0.9,26,0.7,26,0.8,26,1.4,25,0.9,26,1.4,25,0.9,26,2024-10-19,1019.3,25,8.1,42,0.4,25,78.3,26,100,26,13.6,2.3,26,25
145,-37.8,2020,6,25,2020-06-25,15.7,25,9.8,25,31.6 m,0.5,26,0.8,26,0.7,26,1.1,26,1.6,26,1.3,25,0.7,26,1.3,25,1.3,26,2024-10-19,1019.5,25,5.9,42,0,25,64,26,94.2,26,11.4,4.8,26,25
145,-37.8,2020,6,26,2020-06-26,13.7,25,6.2,25,31.6 m,0.6,26,1.1,26,0.9,26,1,26,1.4,26,1.1,25,0.8,26,1.1,25,1.2,26,2024-10-19,1026.4,25,8.2,42,1.2,25,61.3,26,100,26,9.6,4.3,26,25
145,-37.8,2020,6,27,2020-06-27,13.1,25,6.1,25,31.6 m,0.6,26,0.6,26,0.6,26,0.7,26,1,26,0.9,25,0.6,26,0.9,25,1,26,2024-10-19,1029.6,25,6.3,42,0,25,69,26,100,26,10.4,3,26,25
145,-37.8,2020,6,28,2020-06-28,12.6,25,1.1,25,31.6 m,0.6,26,1.3,26,1,26,1,26,1.6,26,1,25,1,26,1,25,1.3,26,2024-10-19,1030.2,25,9.3,42,0,25,50.8,26,100,26,7.4,4.6,26,25
145,-37.8,2020,6,29,2020-06-29,15.1,25,0.8,25,31.6 m,0.5,26,1.5,26,1,26,1.3,26,2,26,1.6,25,1,26,1.6,25,1.6,26,2024-10-19,1028.8,25,9.3,42,0,25,42.6,26,100,26,7.3,6.3,26,25
145,-37.8,2020,6,30,2020-06-30,15.1,25,2.3,25,31.6 m,0.6,26,0.9,26,0.7,26,1,26,1.6,26,1.4,25,0.7,26,1.4,25,1.4,26,2024-10-19,1020.4,25,7.5,42,0,25,52.5,26,100,26,9,4.9,26,25
145,-37.8,2020,7,1,2020-07-01,17.4,25,10.1,25,31.6 m,0.4,26,1.8,26,1.1,26,1.4,26,2.2,26,2.4,25,1.1,26,2.4,25,1.8,26,2024-10-19,1015.4,25,8.9,42,0,25,53.9,26,86.6,26,10.7,7,26,25
145,-37.8,2020,7,2,2020-07-02,14.6,25,9.5,25,31.6 m,0.4,26,1.2,26,0.8,26,1.3,26,2.1,26,1.5,25,0.8,26,1.5,25,1.5,26,2024-10-19,1012,25,6.9,42,0.9,25,56.6,26,79.2,26,9.4,5.9,26,25
145,-37.8,2020,7,3,2020-07-03,10.2,25,7.2,25,31.6 m,0.5,26,0.7,26,0.6,26,0.9,26,1.4,26,0.8,25,0.6,26,0.8,25,1,26,2024-10-19,1018,25,4.4,42,0,25,70,26,85.7,26,8.7,3.1,26,25
145,-37.8,2020,7,4,2020-07-04,14.3,25,5.8,25,31.6 m,0.6,26,0.6,26,0.6,26,1,26,1.4,26,0.6,25,0.6,26,0.6,25,1.2,26,2024-10-19,1023.9,25,5.8,42,9,25,61.4,26,100,26,10,4.2,26,25
145,-37.8,2020,7,5,2020-07-05,12.5,25,8.2,25,31.6 m,0.7,26,0.7,26,0.7,26,0.7,26,0.9,26,0.1,25,0.7,26,0.1,25,0.8,26,2024-10-19,1027,25,6.5,42,4.9,25,78,26,100,26,11.3,2.2,26,25
145,-37.8,2020,7,6,2020-07-06,13.1,25,7.3,25,31.6 m,0.7,26,0.7,26,0.7,26,0.7,26,1,26,0.9,25,0.7,26,0.9,25,0.9,26,2024-10-19,1031.7,25,6.4,42,1.2,25,73.7,26,100,26,11.1,2.6,26,25
145,-37.8,2020,7,7,2020-07-07,11.8,25,8.7,25,31.6 m,0.7,26,0.7,26,0.7,26,0.5,26,0.7,26,0.7,25,0.7,26,0.7,25,0.6,26,2024-10-19,1032.4,25,5,42,1.5,25,85.3,26,100,26,11.8,1.3,26,25
145,-37.8,2020,7,8,2020-07-08,15.3,25,3.7,25,31.6 m,0.8,26,1.3,26,1.1,26,1,26,1.4,26,1.3,25,1.1,26,1.3,25,1.4,26,2024-10-19,1030.5,25,9.4,42,0,25,57.6,26,100,26,10,4.4,26,25
145,-37.8,2020,7,9,2020-07-09,16.7,25,5.2,25,31.6 m,0.6,26,1.3,26,1,26,1.2,26,1.8,26,1.5,25,1,26,1.5,25,1.7,26,2024-10-19,1028.3,25,8.5,42,0,25,52.6,26,100,26,10,5.8,26,25
145,-37.8,2020,7,10,2020-07-10,16.4,25,6.3,25,31.6 m,0.6,26,1.3,26,0.9,26,1.2,26,1.8,26,1.3,25,0.9,26,1.3,25,1.6,26,2024-10-19,1024.6,25,8.2,42,0,25,55.3,26,100,26,10.3,5.5,26,25
145,-37.8,2020,7,11,2020-07-11,11.2,25,6.7,25,31.6 m,0.4,26,0.4,26,0.4,26,0.4,26,0.5,26,1,25,0.3,26,1,25,0.5,26,2024-10-19,1017.6,25,3.2,42,0,25,85,26,100,26,11.3,1,26,25
145,-37.8,2020,7,12,2020-07-12,13.8,25,8.7,25,31.6 m,0.7,26,0.8,26,0.7,26,0.9,26,1.2,26,0.8,25,0.7,26,0.8,25,1,26,2024-10-19,1018.8,25,6.7,42,6,25,72.9,26,100,26,11.5,3,26,25
145,-37.8,2020,7,13,2020-07-13,15.1,25,8.5,25,31.6 m,0.8,26,0.8,26,0.8,26,0.9,26,1.2,26,0.9,25,0.8,26,0.9,25,1.1,26,2024-10-19,1025.7,25,6.6,42,3.9,25,70.5,26,100,26,12.1,3.3,26,25
145,-37.8,2020,7,14,2020-07-14,13.9,25,7.6,25,31.6 m,0.7,26,0.9,26,0.8,26,0.9,26,1.2,26,1.4,25,0.8,26,1.4,25,1.1,26,2024-10-19,1029.4,25,7.3,42,1.1,25,69.3,26,100,26,11,3.3,26,25
145,-37.8,2020,7,15,2020-07-15,14.7,25,5.1,25,31.6 m,0.7,26,1.3,26,1,26,1,26,1.4,26,1.1,25,1,26,1.1,25,1.3,26,2024-10-19,1025.4,25,9.1,42,0.2,25,60.4,26,100,26,10.1,4.2,26,25
145,-37.8,2020,7,16,2020-07-16,12,25,3.1,25,31.6 m,0.8,26,1,26,0.9,26,0.8,26,1.1,26,1.2,25,0.9,26,1.2,25,1.1,26,2024-10-19,1024.7,25,8.4,42,0,25,64.2,26,100,26,9,3.1,26,25
145,-37.8,2020,7,17,2020-07-17,12.2,25,2.6,25,31.6 m,0.7,26,0.8,26,0.8,26,0.9,26,1.2,26,1.4,25,0.8,26,1.4,25,1.1,26,2024-10-19,1024.9,25,7.4,42,0.1,25,62,26,100,26,8.8,3.3,26,25
145,-37.8,2020,7,18,2020-07-18,12.4,25,3,25,31.6 m,0.7,26,0.9,26,0.8,26,0.9,26,1.2,26,1.6,25,0.8,26,1.6,25,1.1,26,2024-10-19,1019.7,25,7.8,42,0.1,25,61.8,26,100,26,8.9,3.4,26,25
145,-37.8,2020,7,19,2020-07-19,15.2,25,8.6,25,31.6 m,0.3,26,1.6,26,1,26,1.6,26,2.5,26,2.1,25,1,26,2.1,25,1.8,26,2024-10-19,1012,25,7.8,42,0,25,49.2,26,76.1,26,8.5,7,26,25
145,-37.8,2020,7,20,2020-07-20,13.5,25,6.5,25,31.6 m,0.5,26,1.2,26,0.9,26,1.2,26,1.7,26,1.1,25,0.9,26,1.1,25,1.3,26,2024-10-19,1021.4,25,7.6,42,0.8,25,58.8,26,94.1,26,9.1,4.7,26,25
145,-37.8,2020,7,21,2020-07-21,12.5,25,6.5,25,31.6 m,0.8,26,0.9,26,0.8,26,0.8,26,1.1,26,0.7,25,0.8,26,0.7,25,1,26,2024-10-19,1030.5,25,7.3,42,0.5,25,71.8,26,100,26,10.4,2.7,26,25
145,-37.8,2020,7,22,2020-07-22,12.8,25,7.8,25,31.6 m,0.8,26,1,26,0.9,26,0.9,26,1.2,26,0.8,25,0.9,26,0.8,25,1,26,2024-10-19,1029.4,25,7.6,42,0,25,73.1,26,100,26,10.8,2.8,26,25
145,-37.8,2020,7,23,2020-07-23,11.5,25,7.8,25,31.6 m,0.7,26,1,26,0.9,26,0.9,26,1.2,26,0.8,25,0.9,26,0.8,25,0.9,26,2024-10-19,1028,25,7.6,42,2.1,25,75.2,26,96.5,26,10.2,2.6,26,25
145,-37.8,2020,7,24,2020-07-24,13.3,25,4.9,25,31.6 m,0.5,26,2,26,1.3,26,1.3,26,2,26,1.6,25,1.3,26,1.6,25,1.5,26,2024-10-19,1026.5,25,10.4,42,0,25,52.4,26,92.4,26,8,5.3,26,25
145,-37.8,2020,7,25,2020-07-25,12.4,25,3.3,25,31.6 m,0.6,26,1.5,26,1.1,26,1.2,26,1.7,26,0.7,25,1.1,26,0.7,25,1.3,26,2024-10-19,1026.3,25,9.3,42,0,25,55.6,26,100,26,8,4.4,26,25
145,-37.8,2020,7,26,2020-07-26,12.4,25,4.9,25,31.6 m,0.9,26,0.9,26,0.9,26,0.8,26,1,26,0.8,25,0.9,26,0.8,25,0.9,26,2024-10-19,1023.5,25,8.1,42,0,25,70.9,26,100,26,10.2,2.5,26,25
145,-37.8,2020,7,27,2020-07-27,13.4,25,7.2,25,31.6 m,1,26,1,26,1,26,0.8,26,0.9,26,1.2,25,1,26,1.2,25,0.9,26,2024-10-19,1018.6,25,7,42,0,25,76.2,26,100,26,11.7,2.2,26,25
145,-37.8,2020,7,28,2020-07-28,15.3,25,9.5,25,31.6 m,0.8,26,1.3,26,1,26,1.1,26,1.4,26,1.4,25,1,26,1.4,25,1.1,26,2024-10-19,1021.3,25,7.9,42,0.3,25,70.2,26,100,26,12.2,3.6,26,25
145,-37.8,2020,7,29,2020-07-29,16.2,25,7.5,25,31.6 m,0.9,26,1.4,26,1.2,26,1.1,26,1.5,26,1.2,25,1.2,26,1.2,25,1.3,26,2024-10-19,1019.3,25,9,42,0,25,64.1,26,100,26,11.8,4.2,26,25
145,-37.8,2020,7,30,2020-07-30,14.5,25,7,25,31.6 m,1.1,26,1.9,26,1.5,26,1.2,26,1.6,26,1.3,25,1.5,26,1.3,25,1.3,26,2024-10-19,1027.6,25,11.3,42,0,25,63.6,26,100,26,10.5,4.1,26,25
145,-37.8,2020,7,31,2020-07-31,16.4,25,2.1,25,31.6 m,0.6,26,2.3,26,1.5,26,1.6,26,2.3,26,2.4,25,1.5,26,2.4,25,1.9,26,2024-10-19,1029.1,25,11.3,42,0,25,44.5,26,100,26,8.3,6.5,26,25
145,-37.8,2020,8,1,2020-08-01,16.2,25,5.3,25,31.6 m,1,26,2,26,1.5,26,1.4,26,1.9,26,1.8,25,1.5,26,1.8,25,1.9,26,2024-10-19,1024.6,25,11,42,0,25,56,26,100,26,10.3,5.1,26,25
145,-37.8,2020,8,2,2020-08-02,17.9,25,8.1,25,31.6 m,0.5,26,2.9,26,1.7,26,1.8,26,2.6,26,2.5,25,1.7,26,2.5,25,2.4,26,2024-10-19,1024.1,25,11.7,42,0,25,49.3,26,93.6,26,10.1,7.4,26,25
145,-37.8,2020,8,3,2020-08-03,15.8,25,6.7,25,31.6 m,0.6,26,2.2,26,1.4,26,1.5,26,2.1,26,1.6,25,1.4,26,1.6,25,1.9,26,2024-10-19,1017.8,25,10.5,42,0,25,55.2,26,100,26,9.9,5.6,26,25
145,-37.8,2020,8,4,2020-08-04,10.2,25,4.7,25,31.6 m,0.4,26,1.9,26,1.2,26,1.4,26,2.1,26,1.8,25,1.2,26,1.8,25,1.7,26,2024-10-19,1012.6,25,9.6,42,0.9,25,52.3,26,76.1,26,6.5,4.8,26,25
145,-37.8,2020,8,5,2020-08-05,11,25,3.6,25,31.6 m,0.9,26,1.5,26,1.2,26,1.1,26,1.5,26,1.1,25,1.2,26,1.1,25,1.4,26,2024-10-19,1016.6,25,9.9,42,6,25,63.3,26,100,26,8.3,3.3,26,25
145,-37.8,2020,8,6,2020-08-06,12.6,25,4.6,25,31.6 m,0.8,26,1.5,26,1.2,26,1.2,26,1.5,26,1.6,25,1.2,26,1.6,25,1.5,26,2024-10-19,1021.5,25,9.4,42,0.9,25,62.4,26,100,26,9.1,3.7,26,25
145,-37.8,2020,8,7,2020-08-07,12.1,25,2.4,25,31.6 m,0.7,26,1.2,26,1,26,1.1,26,1.5,26,1,25,0.9,26,1,25,1.4,26,2024-10-19,1020.1,25,5.6,42,0,25,57.4,26,100,26,8.1,3.9,26,25
145,-37.8,2020,8,8,2020-08-08,15.3,25,4.8,25,31.6 m,0.9,26,0.9,26,0.9,26,0.8,26,0.9,26,1.1,25,0.8,26,1.1,25,1.2,26,2024-10-19,1016.5,25,8,42,4.4,25,70.2,26,100,26,12.2,2.5,26,25
145,-37.8,2020,8,9,2020-08-09,15.3,25,8.4,25,31.6 m,1.1,26,1.8,26,1.4,26,1.3,26,1.7,26,1.7,25,1.4,26,1.7,25,1.6,26,2024-10-19,1019.7,25,10.2,42,0,25,65.6,26,100,26,11.4,4.1,26,25
145,-37.8,2020,8,10,2020-08-10,15.5,25,4.3,25,31.6 m,1.6,26,1.9,26,1.8,26,1.4,26,1.8,26,1.9,25,1.8,26,1.9,25,1.8,26,2024-10-19,1023.4,25,12.6,42,1.9,25,58,26,100,26,10.2,4.5,26,25
145,-37.8,2020,8,11,2020-08-11,15.6,25,3.7,25,31.6 m,0.8,26,2,26,1.4,26,1.5,26,2,26,3,25,1.4,26,3,25,1.9,26,2024-10-19,1018.7,25,10.2,42,0,25,52.5,26,100,26,9.3,5.3,26,25
145,-37.8,2020,8,12,2020-08-12,15.4,25,8.8,25,31.6 m,1.1,26,1.6,26,1.4,26,1.3,26,1.6,26,1.6,25,1.4,26,1.6,25,1.5,26,2024-10-19,1011,25,9.5,42,0.9,25,68.6,26,100,26,12,3.7,26,25
145,-37.8,2020,8,13,2020-08-13,17.9,25,11,25,31.6 m,1.4,26,2.2,26,1.8,26,1.6,26,2,26,1.2,25,1.8,26,1.2,25,1.8,26,2024-10-19,1011.7,25,11.2,42,0.8,25,65.9,26,100,26,13.5,4.9,26,25
145,-37.8,2020,8,14,2020-08-14,17.8,25,10.4,25,31.6 m,0.7,26,2,26,1.4,26,1.4,26,1.9,26,1.3,25,1.3,26,1.3,25,1.7,26,2024-10-19,1012.8,25,6.8,42,1,25,62.8,26,100,26,12.8,5.3,26,25
145,-37.8,2020,8,15,2020-08-15,15.3,25,6.5,25,31.6 m,1.8,26,1.8,26,1.8,26,1.2,26,1.4,26,2,25,1.8,26,2,25,1.4,26,2024-10-19,1013.5,25,12.8,42,2.1,25,69.6,26,100,26,12.1,3,26,25
145,-37.8,2020,8,16,2020-08-16,15,25,10.1,25,31.6 m,1.4,26,1.4,26,1.4,26,1.2,26,1.4,26,1.8,25,1.4,26,1.8,25,1.2,26,2024-10-19,1013.5,25,9.4,42,0.3,25,76.3,26,100,26,13,2.7,26,25
145,-37.8,2020,8,17,2020-08-17,16.2,25,8.6,25,31.6 m,0.9,26,2.4,26,1.6,26,1.7,26,2.2,26,2.5,25,1.6,26,2.5,25,1.9,26,2024-10-19,1011.7,25,10.8,42,0,25,59.2,26,97.6,26,10.9,5.4,26,25
145,-37.8,2020,8,18,2020-08-18,16.7,25,9.7,25,31.6 m,0.9,26,2.7,26,1.8,26,1.8,26,2.4,26,2.2,25,1.8,26,2.2,25,1.9,26,2024-10-19,1001.1,25,11.5,42,0.2,25,59.5,26,94,26,11.3,5.7,26,25
145,-37.8,2020,8,19,2020-08-19,12.4,25,9.1,25,31.6 m,0.6,26,1.7,26,1.2,26,1.4,26,1.8,26,1.5,25,1.1,26,1.5,25,1.4,26,2024-10-19,990.4,25,7.4,42,1.5,25,68.8,26,85.7,26,9.9,3.7,26,25
145,-37.8,2020,8,20,2020-08-20,15.4,25,8.9,25,31.6 m,0.5,26,2.3,26,1.4,26,1.8,26,2.5,26,3,25,1.4,26,3,25,1.9,26,2024-10-19,1001.8,25,9.3,42,3.8,25,54.9,26,84.2,26,9.6,6.1,26,25
145,-37.8,2020,8,21,2020-08-21,13.8,25,7.6,25,31.6 m,0.4,26,3.4,26,1.9,26,2.2,26,3.1,26,2.4,25,1.9,26,2.4,25,2.3,26,2024-10-19,1001.6,25,13,42,1.1,25,45,26,68.1,26,7.1,7.1,26,25
145,-37.8,2020,8,22,2020-08-22,11.1,25,5.4,25,31.6 m,0.6,26,1,26,0.8,26,1.2,26,1.6,26,2.2,25,0.8,26,2.2,25,1.2,26,2024-10-19,1001.4,25,4.4,42,3.2,25,63.6,26,93.7,26,8.4,3.6,26,25
145,-37.8,2020,8,23,2020-08-23,11.4,25,6.3,25,31.6 m,1.4,26,1.4,26,1.4,26,1,26,1.1,26,1.8,25,1.3,26,1.8,25,1,26,2024-10-19,1011.9,25,9,42,18.6,25,78.7,26,100,26,10.6,1.8,26,25
145,-37.8,2020,8,24,2020-08-24,12.3,25,5.5,25,31.6 m,1.2,26,1.9,26,1.5,26,1.4,26,1.8,26,1.3,25,1.5,26,1.3,25,1.5,26,2024-10-19,1022.1,25,10.7,42,10.5,25,64.4,26,100,26,9.2,3.6,26,25
145,-37.8,2020,8,25,2020-08-25,13.1,25,2.8,25,31.6 m,1.2,26,1.5,26,1.3,26,1.3,26,1.6,26,1.4,25,1.3,26,1.4,25,1.5,26,2024-10-19,1029.9,25,9.4,42,0,25,59.7,26,100,26,9,3.7,26,25
145,-37.8,2020,8,26,2020-08-26,14.7,25,5.3,25,31.6 m,1.6,26,2.3,26,2,26,1.7,26,2.1,26,2.7,25,2,26,2.7,25,1.8,26,2024-10-19,1031.1,25,13.3,42,0,25,58.6,26,100,26,9.8,4.5,26,25
145,-37.8,2020,8,27,2020-08-27,20.2,25,8.6,25,31.6 m,0.3,26,4.3,26,2.3,26,2.9,26,4.2,26,3.3,25,2.3,26,3.3,25,3.3,26,2024-10-19,1022.3,25,13.8,42,0,25,34.2,26,72.5,26,8.1,11.6,26,25
145,-37.8,2020,8,28,2020-08-28,17.2,25,6.7,25,31.6 m,1.2,26,3.5,26,2.4,26,2.2,26,3,26,2.6,25,2.4,26,2.6,25,2.4,26,2024-10-19,1027.7,25,14.7,42,1.2,25,47.9,26,95.8,26,9.4,7.2,26,25
145,-37.8,2020,8,29,2020-08-29,19,25,7.8,25,31.6 m,1,26,4.2,26,2.6,26,2.6,26,3.6,26,3.1,25,2.6,26,3.1,25,2.8,26,2024-10-19,1027.9,25,15.6,42,0,25,42.8,26,88.9,26,9.4,9,26,25
145,-37.8,2020,8,30,2020-08-30,19.9,25,12,25,31.6 m,0.2,26,3.4,26,1.8,26,2.8,26,4,26,4.2,25,1.8,26,4.2,25,3.1,26,2024-10-19,1018,25,10.1,42,0,25,39.2,26,64.9,26,9.1,11.4,26,25
145,-37.8,2020,8,31,2020-08-31,12.7,25,6.1,25,31.6 m,1.6,26,2.5,26,2.1,26,1.7,26,2.2,26,2,25,2.1,26,2,25,1.7,26,2024-10-19,1024.5,25,13.7,42,0.9,25,62,26,96.7,26,9.1,4.1,26,25
145,-37.8,2020,9,1,2020-09-01,15.6,25,5.1,25,31.6 m,1.5,26,3.5,26,2.5,26,2.2,26,2.9,26,3.7,25,2.5,26,3.7,25,2.6,26,2024-10-19,1023.3,25,16,42,6.4,25,48,26,96.8,26,8.5,6.4,26,25
145,-37.8,2020,9,2,2020-09-02,21.6,25,8.7,25,31.6 m,0.2,26,4,26,2.1,26,3.1,26,4.6,26,2.8,25,2.1,26,2.8,25,3.9,26,2024-10-19,1010.9,25,12,42,0,25,30.2,26,69.4,26,7.8,13.3,26,25
145,-37.8,2020,9,3,2020-09-03,19.8,25,12.1,25,31.6 m,0.3,26,4.5,26,2.4,26,2.9,26,4.1,26,4.5,25,2.4,26,4.5,25,3.4,26,2024-10-19,1009.6,25,13.5,42,0,25,40.7,26,66.6,26,9.4,11.1,26,25
145,-37.8,2020,9,4,2020-09-04,17.1,25,7.8,25,31.6 m,0.8,26,3.7,26,2.3,26,2.4,26,3.3,26,2.9,25,2.3,26,2.9,25,2.7,26,2024-10-19,1017.7,25,13.7,42,0,25,46.7,26,86,26,9.1,7.7,26,25
145,-37.8,2020,9,5,2020-09-05,16.6,25,8.9,25,31.6 m,1.4,26,3.1,26,2.2,26,2.1,26,2.7,26,2.4,25,2.2,26,2.4,25,2.3,26,2024-10-19,1018.8,25,13.3,42,0.4,25,57.2,26,94.8,26,10.8,5.9,26,25
145,-37.8,2020,9,6,2020-09-06,19,25,5.3,25,31.6 m,1.9,26,3.8,26,2.9,26,2.6,26,3.4,26,4.2,25,2.9,26,4.2,25,3.1,26,2024-10-19,1025.6,25,17,42,0.1,25,44.6,26,100,26,9.8,7.9,26,25
145,-37.8,2020,9,7,2020-09-07,22.8,25,9,25,31.6 m,0.4,26,5.9,26,3.1,26,3.5,26,5.1,26,6.8,25,3.1,26,6.8,25,4.5,26,2024-10-19,1025.2,25,17.1,42,0,25,29.9,26,72.3,26,8.3,14.1,26,25
145,-37.8,2020,9,8,2020-09-08,20,25,16.3,25,31.6 m,0.4,26,2.6,26,1.5,26,2.2,26,3.1,26,1.2,25,1.5,26,1.2,25,2.3,26,2024-10-19,1020.7,25,5.4,42,0,25,57.8,26,72.9,26,13.5,8.6,26,25
145,-37.8,2020,9,9,2020-09-09,15.5,25,7.2,25,31.6 m,1.8,26,3.3,26,2.5,26,2.2,26,2.8,26,3.3,25,2.5,26,3.3,25,2.4,26,2024-10-19,1030.5,25,15.4,42,0.7,25,55.1,26,95.6,26,9.7,5.7,26,25
145,-37.8,2020,9,10,2020-09-10,21.3,25,4.4,25,31.6 m,1.9,26,3.8,26,2.9,26,2.8,26,3.7,26,3.3,25,2.9,26,3.3,25,3.5,26,2024-10-19,1028.2,25,16.7,42,0,25,40.7,26,100,26,10.3,9.2,26,25
145,-37.8,2020,9,11,2020-09-11,19.8,25,9.8,25,31.6 m,0.4,26,4.6,26,2.5,26,3,26,4.2,26,3.4,25,2.6,26,3.4,25,3.4,26,2024-10-19,1027.5,25,14.1,42,0.3,25,39,26,74.3,26,9,10.7,26,25
145,-37.8,2020,9,12,2020-09-12,15.8,25,12.9,25,31.6 m,0.5,26,1.6,26,1,26,1.5,26,2.1,26,1,25,1,26,1,25,1.4,26,2024-10-19,1025.6,25,3.9,42,1.4,25,67.4,26,81.4,26,12.1,5,26,25
145,-37.8,2020,9,13,2020-09-13,17.3,25,11.7,25,31.6 m,2.6,26,3.6,26,3.1,26,2.4,26,2.9,26,2.9,25,3.1,26,2.9,25,2.4,26,2024-10-19,1022.5,25,16.8,42,10.3,25,64.9,26,93.2,26,12.8,5.3,26,25
145,-37.8,2020,9,14,2020-09-14,16.8,25,9.9,25,31.6 m,2.1,26,3.9,26,3,26,2.5,26,3.2,26,3.2,25,3,26,3.2,25,2.6,26,2024-10-19,1028.2,25,16.9,42,0,25,56.5,26,88.6,26,10.8,6.3,26,25
145,-37.8,2020,9,15,2020-09-15,16.5,25,6.8,25,31.6 m,2.5,26,3.7,26,3.1,26,2.5,26,3.1,26,3.6,25,3.2,26,3.6,25,2.7,26,2024-10-19,1030.3,25,18.3,42,0,25,53.3,26,100,26,10,6.1,26,25
145,-37.8,2020,9,16,2020-09-16,22.4,25,5.8,25,31.6 m,1.5,26,4.8,26,3.1,26,3.3,26,4.5,26,3,25,3.2,26,3,25,4,26,2024-10-19,1020.4,25,17.5,42,0,25,35.5,26,100,26,9.6,11.4,26,25
145,-37.8,2020,9,17,2020-09-17,15.7,25,11.5,25,31.6 m,2.1,26,2.1,26,2.1,26,1.4,26,1.6,26,1.7,25,2.1,26,1.7,25,1.3,26,2024-10-19,1025.1,25,9.2,42,0.6,25,79.1,26,100,26,14.1,2.6,26,25
145,-37.8,2020,9,18,2020-09-18,19.2,25,8.4,25,31.6 m,1.8,26,2.8,26,2.3,26,2.2,26,2.7,26,1.4,25,2.3,26,1.4,25,2.4,26,2024-10-19,1028.4,25,12.4,42,0,25,56.2,26,100,26,12.5,6.3,26,25
145,-37.8,2020,9,19,2020-09-19,26.1,25,11.2,25,31.6 m,2.9,26,4.1,26,3.5,26,3.1,26,4,26,5.5,25,3.5,26,5.5,25,3.7,26,2024-10-19,1020,25,16.6,42,0.2,25,49.4,26,100,26,16.7,10.3,26,25
145,-37.8,2020,9,20,2020-09-20,22.1,25,16.8,25,31.6 m,2.4,26,5,26,3.7,26,3.3,26,4.1,26,5.9,25,3.7,26,5.9,25,3.2,26,2024-10-19,1007.2,25,17.3,42,1.2,25,57.9,26,80.5,26,15.4,9.1,26,25
145,-37.8,2020,9,21,2020-09-21,19.4,25,16.1,25,31.6 m,1.3,26,4.1,26,2.7,26,2.7,26,3.5,26,5.4,25,2.7,26,5.4,25,2.5,26,2024-10-19,1004.9,25,12.7,42,0,25,61.7,26,76,26,13.9,7.5,26,25
145,-37.8,2020,9,22,2020-09-22,18.7,25,11.7,25,31.6 m,0.8,26,5.4,26,3.1,26,3.3,26,4.4,26,4.7,25,3.1,26,4.7,25,3.4,26,2024-10-19,1006,25,16.7,42,0,25,42.2,26,66.2,26,9.1,10.2,26,25
145,-37.8,2020,9,23,2020-09-23,15.6,25,9.9,25,31.6 m,1.1,26,3.8,26,2.5,26,2.5,26,3.3,26,3.1,25,2.5,26,3.1,25,2.4,26,2024-10-19,1012,25,13.9,42,0.2,25,54.2,26,78.8,26,9.6,6.6,26,25
145,-37.8,2020,9,24,2020-09-24,14.7,25,7.5,25,31.6 m,0.8,26,3.7,26,2.3,26,2.5,26,3.3,26,2.3,25,2.3,26,2.3,25,2.5,26,2024-10-19,1013.8,25,13.6,42,0.9,25,48.5,26,78.2,26,8.1,6.8,26,25
145,-37.8,2020,9,25,2020-09-25,12,25,6.8,25,31.6 m,1.4,26,2,26,1.7,26,1.5,26,1.8,26,2.7,25,1.7,26,2.7,25,1.4,26,2024-10-19,1001.9,25,8.7,42,3.3,25,68.5,26,97.2,26,9.6,3.3,26,25
145,-37.8,2020,9,26,2020-09-26,13.8,25,5.5,25,31.6 m,1.6,26,2.4,26,2,26,1.9,26,2.3,26,2.2,25,2,26,2.2,25,1.9,26,2024-10-19,1013.4,25,12,42,5.6,25,59.6,26,100,26,9.4,4.4,26,25
145,-37.8,2020,9,27,2020-09-27,13.7,25,7.4,25,31.6 m,2.6,26,4.5,26,3.5,26,2.8,26,3.5,26,2.9,25,3.6,26,2.9,25,2.8,26,2024-10-19,1025.5,25,20.6,42,2.8,25,52.3,26,79.7,26,8.2,5.9,26,25
145,-37.8,2020,9,28,2020-09-28,14.1,25,5.2,25,31.6 m,2.6,26,3.7,26,3.1,26,2.5,26,3.1,26,3.2,25,3.2,26,3.2,25,2.6,26,2024-10-19,1029.4,25,18.9,42,0.3,25,52.9,26,96.1,26,8.5,5.4,26,25
145,-37.8,2020,9,29,2020-09-29,20.8,25,2.7,25,31.6 m,2.7,26,3.9,26,3.3,26,3,26,3.9,26,4.5,25,3.4,26,4.5,25,3.5,26,2024-10-19,1024.1,25,18.8,42,0,25,40.7,26,100,26,10,8.5,26,25
145,-37.8,2020,9,30,2020-09-30,19.4,25,11.2,25,31.6 m,2,26,3.5,26,2.7,26,2.6,26,3.2,26,2.3,25,2.8,26,2.3,25,2.6,26,2024-10-19,1012,25,14,42,0.4,25,57.7,26,97.8,26,13,6.8,26,25
145,-37.8,2020,10,1,2020-10-01,19.3,25,8.3,25,31.6 m,2.6,26,5.3,26,4,26,3.5,26,4.4,26,5.6,25,4,26,5.6,25,3.9,26,2024-10-19,1017.1,25,21.3,42,3.4,25,42.9,26,87.7,26,9.6,9.2,26,25
145,-37.8,2020,10,2,2020-10-02,25.8,25,11.9,25,31.6 m,1.3,26,7.8,26,4.6,26,4.8,26,6.5,26,5.4,25,4.6,26,5.4,25,5.7,26,2024-10-19,1019.1,25,22,42,0,25,28,26,66.8,26,9.3,17.7,26,25
145,-37.8,2020,10,3,2020-10-03,29.1,25,17.5,25,31.6 m,0.2,26,8.6,26,4.4,26,5.1,26,7.1,26,9.3,25,4.4,26,9.3,25,6.4,26,2024-10-19,1018.2,25,19,42,0,25,27.8,26,56,26,11.2,22.8,26,25
145,-37.8,2020,10,4,2020-10-04,29.4,25,13.1,25,31.6 m,0.2,26,4.1,26,2.2,26,3.7,26,5.4,26,5.8,25,2.2,26,5.8,25,5.1,26,2024-10-19,1012.8,25,8.2,42,0,25,31,26,84.3,26,12.7,19.6,26,25
145,-37.8,2020,10,5,2020-10-05,12.5,25,8.9,25,31.6 m,1.4,26,1.4,26,1.4,26,1.2,26,1.5,26,2.3,25,1.4,26,2.3,25,1.2,26,2024-10-19,1018.4,25,6.6,42,9.9,25,78,26,99.2,26,11.3,2.4,26,25
145,-37.8,2020,10,6,2020-10-06,12.5,25,8.5,25,31.6 m,0.4,26,2,26,1.2,26,1.9,26,2.6,26,1.9,25,1.2,26,1.9,25,1.7,26,2024-10-19,1024.6,25,6.2,42,3.9,25,55.9,26,73,26,8.1,5.5,26,25
145,-37.8,2020,10,7,2020-10-07,17.2,25,9.7,25,31.6 m,1.7,26,2,26,1.8,26,1.6,26,2,26,1.6,25,1.8,26,1.6,25,1.7,26,2024-10-19,1019.5,25,7.8,42,3.3,25,67.3,26,100,26,13.2,4.2,26,25
145,-37.8,2020,10,8,2020-10-08,16.8,25,10.9,25,31.6 m,2,26,2.6,26,2.3,26,1.9,26,2.3,26,3.8,25,2.3,26,3.8,25,1.8,26,2024-10-19,1003.1,25,9.8,42,5.7,25,68.5,26,100,26,13.1,4.3,26,25
145,-37.8,2020,10,9,2020-10-09,16.7,25,11.2,25,31.6 m,1.2,26,3.9,26,2.6,26,2.7,26,3.5,26,2.6,25,2.6,26,2.6,25,2.7,26,2024-10-19,1013.7,25,13.5,42,1,25,54.7,26,78.2,26,10.4,7,26,25
145,-37.8,2020,10,10,2020-10-10,19.9,25,10.1,25,31.6 m,2.2,26,5.1,26,3.6,26,3.4,26,4.4,26,3.7,25,3.7,26,3.7,25,3.7,26,2024-10-19,1020,25,18.7,42,0,25,45.6,26,85.8,26,10.6,9.3,26,25
145,-37.8,2020,10,11,2020-10-11,16.4,25,10.4,25,31.6 m,3.4,26,4.4,26,3.9,26,3,26,3.6,26,3.8,25,3.9,26,3.8,25,3,26,2024-10-19,1022.9,25,20.5,42,0.4,25,60.6,26,89.7,26,11.3,5.6,26,25
145,-37.8,2020,10,12,2020-10-12,24.7,25,5,25,31.6 m,2.6,26,5.2,26,3.9,26,3.9,26,5.2,26,5.2,25,4,26,5.2,25,4.7,26,2024-10-19,1023.1,25,20.1,42,0,25,34.4,26,100,26,10.7,12.3,26,25
145,-37.8,2020,10,13,2020-10-13,16.7,25,11,25,31.6 m,2.7,26,2.7,26,2.7,26,1.7,26,1.9,26,2.8,25,2.7,26,2.8,25,1.7,26,2024-10-19,1024.9,25,12,42,0.2,25,78.4,26,100,26,14.9,2.4,26,25
145,-37.8,2020,10,14,2020-10-14,23.6,25,11.2,25,31.6 m,3.4,26,5.7,26,4.6,26,4,26,5,26,5.6,25,4.6,26,5.6,25,4.4,26,2024-10-19,1024,25,21.8,42,0,25,45,26,98.5,26,13.1,11,26,25
145,-37.8,2020,10,15,2020-10-15,24.4,25,13.2,25,31.6 m,0.3,26,2.9,26,1.6,26,2.7,26,3.9,26,3,25,1.6,26,3,25,3.2,26,2024-10-19,1011.9,25,5.3,42,0,25,42.5,26,85.7,26,13,12.8,26,25
145,-37.8,2020,10,16,2020-10-16,18.4,25,8.9,25,31.6 m,1.5,26,5.3,26,3.4,26,3.5,26,4.6,26,3,25,3.4,26,3,25,3.7,26,2024-10-19,1019.3,25,18.1,42,1.5,25,40.2,26,74.6,26,8.5,9.7,26,25
145,-37.8,2020,10,17,2020-10-17,19.1,25,11.7,25,31.6 m,2.3,26,2.3,26,2.3,26,2,26,1.9,26,2.9,25,2.1,26,2.9,25,1.8,26,2024-10-19,1008.5,25,15.1,42,6.8,25,82.8,26,100,26,18.3,1.4,26,25
145,-37.8,2020,10,18,2020-10-18,15.3,25,10.6,25,31.6 m,1.9,26,4.8,26,3.3,26,3.2,26,4,26,2,25,3.4,26,2,25,3.1,26,2024-10-19,1016.6,25,18,42,0.5,25,51.8,26,70.5,26,9,7.1,26,25
145,-37.8,2020,10,19,2020-10-19,15.7,25,6.6,25,31.6 m,3.2,26,3.2,26,3.2,26,2.3,26,2.6,26,2.2,25,3.3,26,2.2,25,2.5,26,2024-10-19,1018.5,25,17.8,42,2.3,25,66.2,26,100,26,11.8,3.6,26,25
145,-37.8,2020,10,20,2020-10-20,17.2,25,6.1,25,31.6 m,4.1,26,4.3,26,4.2,26,3.1,26,3.7,26,3.7,25,4.3,26,3.7,25,3.4,26,2024-10-19,1019,25,22.7,42,0,25,54,26,100,26,10.6,5.8,26,25
145,-37.8,2020,10,21,2020-10-21,18.5,25,9.7,25,31.6 m,3.7,26,3.9,26,3.8,26,3,26,3.5,26,3.7,25,3.9,26,3.7,25,3,26,2024-10-19,1016.8,25,19.5,42,0,25,60.6,26,100,26,12.9,5.6,26,25
145,-37.8,2020,10,22,2020-10-22,19.1,25,8,25,31.6 m,4.5,26,5.3,26,4.9,26,3.7,26,4.4,26,4.2,25,5,26,4.2,25,3.9,26,2024-10-19,1016.8,25,25,42,0,25,50.2,26,100,26,11.1,7.5,26,25
145,-37.8,2020,10,23,2020-10-23,20.3,25,12,25,31.6 m,2.3,26,3.3,26,2.8,26,2.3,26,2.9,26,1.8,25,2.8,26,1.8,25,2.4,26,2024-10-19,1008.8,25,10.9,42,0,25,60.9,26,100,26,14.5,6.4,26,25
145,-37.8,2020,10,24,2020-10-24,14.9,25,11.6,25,31.6 m,2.4,26,2.4,26,2.4,26,1.7,26,1.9,26,3.1,25,2.4,26,3.1,25,1.5,26,2024-10-19,1006.8,25,10.2,42,21.7,25,80.3,26,99.6,26,13.6,2.5,26,25
145,-37.8,2020,10,25,2020-10-25,14.4,25,8.1,25,31.6 m,0.9,26,5.3,26,3.1,26,3.4,26,4.4,26,4.2,25,3.2,26,4.2,25,3.4,26,2024-10-19,1020.1,25,17.8,42,6.3,25,38.4,26,58.4,26,6.3,8.5,26,25
145,-37.8,2020,10,26,2020-10-26,18.1,25,8.8,25,31.6 m,4,26,6.2,26,5.1,26,4.1,26,5,26,4.2,25,5.3,26,4.2,25,4.2,26,2024-10-19,1023.9,25,26.5,42,9.2,25,44.8,26,82.2,26,9.3,8.6,26,25
145,-37.8,2020,10,27,2020-10-27,19.6,25,10.3,25,31.6 m,1.7,26,4.5,26,3.1,26,3.2,26,4.1,26,3.4,25,3.2,26,3.4,25,3.3,26,2024-10-19,1023.4,25,15.7,42,0,25,47.8,26,87.1,26,10.9,8.8,26,25
145,-37.8,2020,10,28,2020-10-28,21.4,25,9,25,31.6 m,5.5,26,5.5,26,5.5,26,4,26,4.6,26,3.3,25,5.6,26,3.3,25,4.1,26,2024-10-19,1020.2,25,26.4,42,0,25,53,26,100,26,13.5,7.5,26,25
145,-37.8,2020,10,29,2020-10-29,24.1,25,10.2,25,31.6 m,3.1,26,5,26,4.1,26,3.8,26,4.7,26,3.7,25,4.1,26,3.7,25,4.1,26,2024-10-19,1012.1,25,19.1,42,0,25,45.7,26,100,26,13.7,10.6,26,25
145,-37.8,2020,10,30,2020-10-30,21.1,25,12.5,25,31.6 m,4.2,26,4.7,26,4.5,26,3.5,26,4.1,26,3.6,25,4.6,26,3.6,25,3.4,26,2024-10-19,1011.2,25,21,42,0,25,59.6,26,100,26,14.9,7,26,25
145,-37.8,2020,10,31,2020-10-31,17.2,25,13.7,25,31.6 m,1.6,26,2.5,26,2,26,1.8,26,2.2,26,3.6,25,2,26,3.6,25,1.6,26,2024-10-19,1014.4,25,7.8,42,0.5,25,73.4,26,91.9,26,14.4,4.2,26,25
145,-37.8,2020,11,1,2020-11-01,18.1,25,12.3,25,31.6 m,3.8,26,5.9,26,4.8,26,3.9,26,4.8,26,3.6,25,5,26,3.6,25,4.2,26,2024-10-19,1023.5,25,24,42,0,25,54,26,78.3,26,11.2,7.7,26,25
145,-37.8,2020,11,2,2020-11-02,28.7,25,8.8,25,31.6 m,4.7,26,7.1,26,5.9,26,5.3,26,6.7,26,5.4,25,6,26,5.4,25,6.1,26,2024-10-19,1026.4,25,26.7,42,0,25,34.8,26,100,26,13.7,15.6,26,25
145,-37.8,2020,11,3,2020-11-03,30.3,25,12.1,25,31.6 m,4.7,26,8,26,6.3,26,5.7,26,7.2,26,7.4,25,6.5,26,7.4,25,6.5,26,2024-10-19,1021.9,25,27.1,42,0,25,34.8,26,100,26,15,18.1,26,25
145,-37.8,2020,11,4,2020-11-04,22.6,25,21.4,25,31.6 m,0.1,26,3.3,26,1.7,26,3.1,26,4.6,26,2.9,25,1.7,26,2.9,25,2.9,26,2024-10-19,1012,25,5.1,42,0,25,47.8,26,51.4,26,13.1,13.8,26,25
145,-37.8,2020,11,5,2020-11-05,15.9,25,10.4,25,31.6 m,3.3,26,6,26,4.6,26,3.9,26,4.8,26,3.7,25,4.8,26,3.7,25,4.2,26,2024-10-19,1019.8,25,24.3,42,4.7,25,48.2,26,69,26,8.7,7.8,26,25
145,-37.8,2020,11,6,2020-11-06,16.5,25,9,25,31.6 m,0.8,26,3.7,26,2.3,26,2.7,26,3.5,26,3.7,25,2.3,26,3.7,25,2.7,26,2024-10-19,1021.6,25,11.9,42,0.1,25,49.6,26,81.1,26,9.3,7.3,26,25
145,-37.8,2020,11,7,2020-11-07,16.5,25,10.7,25,31.6 m,1.6,26,6,26,3.8,26,3.9,26,5,26,4.7,25,3.9,26,4.7,25,4,26,2024-10-19,1026.1,25,20.2,42,1.6,25,40.5,26,59.1,26,7.6,9.5,26,25
145,-37.8,2020,11,8,2020-11-08,20.9,25,7.7,25,31.6 m,4.6,26,7,26,5.8,26,4.7,26,5.8,26,5.3,25,6,26,5.3,25,5.3,26,2024-10-19,1027.8,25,28.9,42,0,25,38.5,26,90.4,26,9.5,10.6,26,25
145,-37.8,2020,11,9,2020-11-09,28.7,25,8.8,25,31.6 m,5.4,26,7.6,26,6.5,26,5.6,26,7,26,7.8,25,6.7,26,7.8,25,6.4,26,2024-10-19,1024.2,25,29,42,0,25,34.6,26,100,26,13.6,15.7,26,25
145,-37.8,2020,11,10,2020-11-10,31.9,25,14.3,25,31.6 m,3.5,26,10.3,26,6.9,26,6.8,26,8.8,26,11.7,25,7.1,26,11.7,25,7.8,26,2024-10-19,1018.4,25,29.1,42,0,25,25.2,26,73.1,26,11.9,24.8,26,25
145,-37.8,2020,11,11,2020-11-11,27.9,25,21.8,25,31.6 m,0,26,4.7,26,2.3,26,4.2,26,6.3,26,3.6,25,2.3,26,3.6,25,4.6,26,2024-10-19,1010.5,25,7.2,42,0,25,30.6,26,44,26,11.5,22.9,26,25
145,-37.8,2020,11,12,2020-11-12,25.4,25,18.7,25,31.6 m,3.5,26,8.5,26,6,26,5.5,26,6.9,26,4.7,25,6.1,26,4.7,25,5.6,26,2024-10-19,1003.6,25,25.5,42,4.8,25,42.6,26,64,26,13.8,15.5,26,25
145,-37.8,2020,11,13,2020-11-13,21.3,25,14.9,25,31.6 m,1.5,26,6.6,26,4.1,26,4.3,26,5.5,26,4,25,4.1,26,4,25,4.3,26,2024-10-19,1005.2,25,18.9,42,0,25,41.9,26,62.6,26,10.6,12.3,26,25
145,-37.8,2020,11,14,2020-11-14,21.5,25,13,25,31.6 m,4.1,26,6.3,26,5.2,26,4.4,26,5.3,26,4.8,25,5.3,26,4.8,25,4.6,26,2024-10-19,1009.8,25,24.3,42,0.2,25,50.3,26,86.2,26,12.9,9.6,26,25
145,-37.8,2020,11,15,2020-11-15,32.5,25,11,25,31.6 m,0.3,26,7,26,3.6,26,5.1,26,7.2,26,13.8,25,3.7,26,13.8,25,6.2,26,2024-10-19,1012.3,25,14.8,42,0,25,24.5,26,91.5,26,12,23.9,26,25
145,-37.8,2020,11,16,2020-11-16,24.6,25,18,25,31.6 m,3.1,26,10.2,26,6.6,26,6.2,26,8,26,9.1,25,6.8,26,9.1,25,6.5,26,2024-10-19,1008.5,25,29.4,42,0.1,25,31.4,26,47,26,9.7,18.3,26,25
145,-37.8,2020,11,17,2020-11-17,21.4,25,10.5,25,31.6 m,4.1,26,6.8,26,5.4,26,4.7,26,5.7,26,5.5,25,5.6,26,5.5,25,5,26,2024-10-19,1022,25,26.4,42,0,25,42,26,84.3,26,10.7,10.8,26,25
145,-37.8,2020,11,18,2020-11-18,29.3,25,9.3,25,31.6 m,4.9,26,8.6,26,6.8,26,6.1,26,7.8,26,8.5,25,7,26,8.5,25,7,26,2024-10-19,1022.3,25,30.2,42,0,25,29.7,26,100,26,12.1,18.3,26,25
145,-37.8,2020,11,19,2020-11-19,34.5,25,13,25,31.6 m,4,26,10.5,26,7.3,26,7.2,26,9.5,26,11.6,25,7.4,26,11.6,25,8.5,26,2024-10-19,1016.7,25,30,42,0,25,23.8,26,86.9,26,13,27.3,26,25
145,-37.8,2020,11,20,2020-11-20,21.5,25,15,25,31.6 m,5.9,26,7.5,26,6.7,26,5.1,26,6,26,7.2,25,6.9,26,7.2,25,5.2,26,2024-10-19,1018.6,25,29.9,42,0,25,53.8,26,81,26,13.8,9.4,26,25
145,-37.8,2020,11,21,2020-11-21,26.5,25,12.2,25,31.6 m,2.6,26,5.8,26,4.2,26,4.2,26,5.4,26,4.8,25,4.3,26,4.8,25,4.6,26,2024-10-19,1019.2,25,18.3,42,0,25,41.3,26,100,26,14.3,13.7,26,25
145,-37.8,2020,11,22,2020-11-22,28.7,25,15.7,25,31.6 m,1.7,26,4.9,26,3.3,26,3.4,26,4.5,26,3.9,25,3.3,26,3.9,25,3.9,26,2024-10-19,1015,25,11,42,0,25,46.2,26,100,26,18.2,14.3,26,25
145,-37.8,2020,11,23,2020-11-23,19.1,25,16.4,25,31.6 m,3.4,26,3.4,26,3.4,26,2.2,26,2.3,26,4.2,25,3.4,26,4.2,25,2,26,2024-10-19,1009.6,25,12.9,42,29,25,86.4,26,100,26,19.1,2.1,26,25
145,-37.8,2020,11,24,2020-11-24,20.6,25,12.6,25,31.6 m,3.1,26,6,26,4.5,26,4.1,26,5.1,26,3.5,25,4.6,26,3.5,25,4.3,26,2024-10-19,1014.2,25,21.6,42,6,25,47.8,26,79.6,26,11.6,9.8,26,25
145,-37.8,2020,11,25,2020-11-25,30.6,25,12.6,25,31.6 m,4.8,26,8.6,26,6.7,26,6.2,26,7.8,26,6.4,25,6.9,26,6.4,25,6.9,26,2024-10-19,1012,25,28.5,42,0,25,33,26,99.5,26,14.5,19.3,26,25
145,-37.8,2020,11,26,2020-11-26,20.1,25,14.7,25,31.6 m,5.3,26,5.8,26,5.6,26,4.2,26,4.8,26,6,25,5.7,26,6,25,4.2,26,2024-10-19,1014.9,25,25.5,42,0,25,63.8,26,89.7,26,15,6.6,26,25
145,-37.8,2020,11,27,2020-11-27,35.8,25,9.2,25,31.6 m,3.8,26,10.1,26,6.9,26,7.4,26,9.9,26,7.6,25,7.1,26,7.6,25,9,26,2024-10-19,1013.1,25,29.5,42,0,25,20.2,26,100,26,11.9,28.5,26,25
145,-37.8,2020,11,28,2020-11-28,23.3,25,16,25,31.6 m,1.8,26,3.7,26,2.8,26,2.6,26,3.3,26,3.8,25,2.8,26,3.8,25,2.6,26,2024-10-19,1005,25,9.5,42,0,25,60.1,26,94.7,26,17.2,8.4,26,25
145,-37.8,2020,11,29,2020-11-29,19.1,25,14.1,25,31.6 m,3.9,26,4.5,26,4.2,26,3.3,26,3.9,26,4.2,25,4.3,26,4.2,25,3.3,26,2024-10-19,1006.8,25,19.3,42,2.6,25,67,26,92,26,14.8,5.6,26,25
145,-37.8,2020,11,30,2020-11-30,27.9,25,11.3,25,31.6 m,4.6,26,8.9,26,6.7,26,6.1,26,7.7,26,7.3,25,6.9,26,7.3,25,6.7,26,2024-10-19,1015.5,25,30,42,1.1,25,30.9,26,86.7,26,11.6,17.8,26,25
145,-37.8,2020,12,1,2020-12-01,26.1,25,16.3,25,31.6 m,0.4,26,4.8,26,2.6,26,3.5,26,4.8,26,6.1,25,2.6,26,6.1,25,3.7,26,2024-10-19,1003.4,25,9.4,42,0,25,42,26,76.7,26,14.2,15,26,25
145,-37.8,2020,12,2,2020-12-02,19.1,25,10.6,25,31.6 m,4,26,7.4,26,5.7,26,4.8,26,6,26,6.2,25,5.8,26,6.2,25,5.6,26,2024-10-19,1022.4,25,28.2,42,0.2,25,39.8,26,68.9,26,8.8,10.5,26,25
145,-37.8,2020,12,3,2020-12-03,24.5,25,8.9,25,31.6 m,4.9,26,8.5,26,6.7,26,5.8,26,7.2,26,6.7,25,6.9,26,6.7,25,6.8,26,2024-10-19,1023.1,25,31.5,42,0,25,31.2,26,84.2,26,9.6,14.7,26,25
145,-37.8,2020,12,4,2020-12-04,23.4,25,10.3,25,31.6 m,5.2,26,8.3,26,6.8,26,5.6,26,6.9,26,7,25,7,26,7,25,6.5,26,2024-10-19,1017.5,25,31.6,42,0,25,36.1,26,83.1,26,10.4,13.2,26,25
145,-37.8,2020,12,5,2020-12-05,28.3,25,12.6,25,31.6 m,0.1,26,4.3,26,2.2,26,3.9,26,5.7,26,7,25,2.2,26,7,25,4.4,26,2024-10-19,1003.1,25,8.4,42,0,25,28.9,26,76.1,26,11.1,19.4,26,25
145,-37.8,2020,12,6,2020-12-06,20.8,25,12.4,25,31.6 m,1.1,26,6,26,3.5,26,4,26,5.2,26,6.5,25,3.6,26,6.5,25,4.2,26,2024-10-19,1001.7,25,16.7,42,0.6,25,39.5,26,67.4,26,9.7,11.9,26,25
145,-37.8,2020,12,7,2020-12-07,17.7,25,11.1,25,31.6 m,1.8,26,5.7,26,3.7,26,3.8,26,4.9,26,4.3,25,3.8,26,4.3,25,4.2,26,2024-10-19,1004.7,25,19,42,2.2,25,44,26,67.4,26,8.9,9.3,26,25
145,-37.8,2020,12,8,2020-12-08,17.2,25,9.8,25,31.6 m,1.3,26,4.2,26,2.8,26,3,26,3.9,26,3.7,25,2.8,26,3.7,25,3.3,26,2024-10-19,1017.5,25,14.1,42,6.3,25,49.5,26,80.1,26,9.7,7.7,26,25
145,-37.8,2020,12,9,2020-12-09,22.7,25,11.2,25,31.6 m,5.6,26,8,26,6.8,26,5.4,26,6.5,26,6.9,25,7,26,6.9,25,6.3,26,2024-10-19,1020,25,31.5,42,0,25,41.3,26,85.8,26,11.4,11.7,26,25
145,-37.8,2020,12,10,2020-12-10,18.3,25,12.5,25,31.6 m,5.2,26,6.2,26,5.7,26,4.4,26,5.1,26,7.8,25,5.9,26,7.8,25,5,26,2024-10-19,1024.3,25,27.4,42,0.5,25,57.6,26,83.5,26,12.1,7.1,26,25
145,-37.8,2020,12,11,2020-12-11,22.3,25,8.4,25,31.6 m,5.5,26,7.9,26,6.7,26,5.4,26,6.5,26,7.8,25,6.9,26,7.8,25,6.4,26,2024-10-19,1029.6,25,32,42,0,25,36.8,26,89.9,26,9.9,11.8,26,25
145,-37.8,2020,12,12,2020-12-12,28.7,25,10.4,25,31.6 m,5,26,9.3,26,7.2,26,6.5,26,8.2,26,9.3,25,7.4,26,9.3,25,7.5,26,2024-10-19,1028,25,31.8,42,0,25,28.7,26,89.7,26,11.3,18.8,26,25
145,-37.8,2020,12,13,2020-12-13,30.4,25,15.6,25,31.6 m,3.2,26,10.3,26,6.7,26,6.7,26,8.7,26,7,25,6.9,26,7,25,7.6,26,2024-10-19,1022.1,25,28.5,42,0,25,26.5,26,64.9,26,11.5,23.5,26,25
145,-37.8,2020,12,14,2020-12-14,34,25,16.1,25,31.6 m,4.2,26,11.7,26,7.9,26,7.7,26,9.9,26,14.3,25,8.1,26,14.3,25,9,26,2024-10-19,1016.7,25,32,42,0,25,23.7,26,68.9,26,12.6,28.7,26,25
145,-37.8,2020,12,15,2020-12-15,34.2,25,19.3,25,31.6 m,3.5,26,10.6,26,7.1,26,7,26,9,26,8.2,25,7.2,26,8.2,25,8.1,26,2024-10-19,1013.1,25,27,42,0,25,29.6,26,71.1,26,15.9,27.7,26,25
145,-37.8,2020,12,16,2020-12-16,24.6,25,15.5,25,31.6 m,3.5,26,7.1,26,5.3,26,4.9,26,6,26,5,25,5.4,26,5,25,5.3,26,2024-10-19,1015.6,25,23,42,0,25,45,26,79,26,13.9,13.1,26,25
145,-37.8,2020,12,17,2020-12-17,29.2,25,14.7,25,31.6 m,5.7,26,8.2,26,6.9,26,5.9,26,7.2,26,6.3,25,7.1,26,6.3,25,6.6,26,2024-10-19,1005.8,25,28.7,42,0,25,41.2,26,99.9,26,16.7,16.1,26,25
145,-37.8,2020,12,18,2020-12-18,19.1,25,12.6,25,31.6 m,3.9,26,5.1,26,4.5,26,3.7,26,4.4,26,7.1,25,4.6,26,7.1,25,4.2,26,2024-10-19,1012.2,25,21.4,42,5,25,59.3,26,89.8,26,13.1,6.9,26,25
145,-37.8,2020,12,19,2020-12-19,20.5,25,9.8,25,31.6 m,5.2,26,6.4,26,5.8,26,4.6,26,5.4,26,5.4,25,6,26,5.4,25,5.4,26,2024-10-19,1019,25,28,42,0.3,25,48.1,26,95.8,26,11.6,8.8,26,25
145,-37.8,2020,12,20,2020-12-20,20.1,25,8.6,25,31.6 m,6,26,7,26,6.5,26,4.9,26,5.7,26,6.5,25,6.7,26,6.5,25,5.9,26,2024-10-19,1016.8,25,31.5,42,0,25,45.9,26,96.7,26,10.8,8.8,26,25
145,-37.8,2020,12,21,2020-12-21,22.2,25,9.8,25,31.6 m,1.4,26,4.2,26,2.8,26,3.2,26,4.1,26,2.4,25,2.8,26,2.4,25,3.5,26,2024-10-19,1010.2,25,12.8,42,1,25,45.2,26,99.9,26,12.1,10,26,25
145,-37.8,2020,12,22,2020-12-22,20.3,25,13.6,25,31.6 m,1.6,26,2.6,26,2.1,26,2,26,2.5,26,4.6,25,2.1,26,4.6,25,2.2,26,2024-10-19,1004.2,25,7.6,42,10.3,25,65.9,26,100,26,15.7,5.8,26,25
145,-37.8,2020,12,23,2020-12-23,20,25,13.1,25,31.6 m,4.4,26,6,26,5.2,26,4.3,26,5.1,26,4.9,25,5.4,26,4.9,25,4.8,26,2024-10-19,1018.9,25,24.6,42,5.6,25,54.8,26,85,26,12.8,8.2,26,25
145,-37.8,2020,12,24,2020-12-24,19.4,25,13.1,25,31.6 m,3.8,26,5.6,26,4.7,26,4,26,4.7,26,6.2,25,4.8,26,6.2,25,4.4,26,2024-10-19,1019.3,25,22.3,42,0.5,25,56,26,83.6,26,12.6,7.8,26,25
145,-37.8,2020,12,25,2020-12-25,20.6,25,12.3,25,31.6 m,3.4,26,6.9,26,5.2,26,4.7,26,5.8,26,6,25,5.3,26,6,25,5.2,26,2024-10-19,1021.3,25,24.8,42,0.2,25,42.5,26,72.1,26,10.3,11,26,25
145,-37.8,2020,12,26,2020-12-26,28.1,25,9.8,25,31.6 m,6.4,26,8.3,26,7.4,26,6.1,26,7.4,26,8.9,25,7.6,26,8.9,25,7.1,26,2024-10-19,1015.7,25,32.3,42,0,25,36,26,100,26,13.7,15.3,26,25
145,-37.8,2020,12,27,2020-12-27,32.1,25,15.8,25,31.6 m,0,26,3.4,26,1.7,26,4.4,26,6.8,26,7.1,25,1.6,26,7.1,25,5.1,26,2024-10-19,1005.5,25,4.6,42,0,25,20.5,26,54.6,26,9.8,28,26,25
145,-37.8,2020,12,28,2020-12-28,18.4,25,10.1,25,31.6 m,3.3,26,6.5,26,4.9,26,4.4,26,5.4,26,6.5,25,5.1,26,6.5,25,5,26,2024-10-19,1012.8,25,25,42,3.5,25,42.1,26,72,26,8.9,9.7,26,25
145,-37.8,2020,12,29,2020-12-29,21.9,25,8.7,25,31.6 m,5.4,26,7.5,26,6.5,26,5.2,26,6.2,26,6.6,25,6.7,26,6.6,25,6.1,26,2024-10-19,1016.9,25,31,42,0,25,39.6,26,92.5,26,10.4,11,26,25
145,-37.8,2020,12,30,2020-12-30,22.9,25,13,25,31.6 m,6.2,26,7.3,26,6.8,26,5.2,26,6,26,6.2,25,7,26,6.2,25,5.8,26,2024-10-19,1019.4,25,30.4,42,0,25,50.5,26,94.2,26,14.1,9.9,26,25
145,-37.8,2020,12,31,2020-12-31,21.2,25,15.2,25,31.6 m,1.4,26,3.8,26,2.6,26,2.6,26,3.3,26,4,25,2.6,26,4,25,2.6,26,2024-10-19,1021,25,9,42,0,25,59.2,26,86.3,26,14.9,8,26,25
